-7.290369690829223356e-03,8.856953733401337558e+01,5.211065318092393994e+01,1.000000000000000000e+00
-4.241996458901498880e-03,8.861927320936914043e+01,5.223882019986725567e+01,1.000000000000000000e+00
-2.374300363651202228e-02,8.861003192150575103e+01,5.214227766969713684e+01,1.000000000000000000e+00
1.047855740824841890e-02,8.863792993098977036e+01,5.225407721859064480e+01,1.000000000000000000e+00
1.165616014793790199e-02,8.867568815776604652e+01,5.219168501014677730e+01,1.000000000000000000e+00
-5.505620801157354131e-03,8.860296631747807794e+01,5.223213733419628113e+01,1.000000000000000000e+00
1.595260985472147022e-02,8.855052048887311855e+01,5.230015581229433508e+01,1.000000000000000000e+00
1.236429858818046193e-02,8.855586622712536382e+01,5.227267469057910176e+01,1.000000000000000000e+00
-3.005084550354107306e-02,8.868557816952014150e+01,5.200587550499587053e+01,1.000000000000000000e+00
1.867438009164196569e-02,8.863407277559197439e+01,5.235369424860515863e+01,1.000000000000000000e+00
1.602783830706237117e-02,8.866192916658070544e+01,5.212435534290711558e+01,1.000000000000000000e+00
5.492972974985972645e-03,8.865200302331699334e+01,5.213102251367678264e+01,1.000000000000000000e+00
-3.544052741838525644e-02,8.863936017295579006e+01,5.211096242824434910e+01,1.000000000000000000e+00
1.001863109933739948e-02,8.845023831311608831e+01,5.214491883530974548e+01,1.000000000000000000e+00
2.469954152700388041e-04,8.859726590208434516e+01,5.213313379436445416e+01,1.000000000000000000e+00
1.930552047001944313e-02,8.854219281852122947e+01,5.220542616272045677e+01,1.000000000000000000e+00
3.139224301990006100e-02,8.857479818968448626e+01,5.227904288248943487e+01,1.000000000000000000e+00
5.786310259594269756e-02,8.853455164695520807e+01,5.243353205863165556e+01,1.000000000000000000e+00
4.009111196266911675e-02,8.854711230540681299e+01,5.231653645484814774e+01,1.000000000000000000e+00
5.322654365119439818e-02,8.850668563329526251e+01,5.255744547285569013e+01,1.000000000000000000e+00
4.370668016180974391e-03,8.858560638004929899e+01,5.219773360507445403e+01,1.000000000000000000e+00
4.920825883384433164e-02,8.855991748694727050e+01,5.242992707761574422e+01,1.000000000000000000e+00
-4.539661106150098130e-02,8.864868563951789326e+01,5.198882813909826694e+01,1.000000000000000000e+00
8.337197011157459906e-04,8.864854288857313236e+01,5.221743536749197290e+01,1.000000000000000000e+00
-1.932452536263994103e-02,8.861650069912582239e+01,5.214060757395850487e+01,1.000000000000000000e+00
-5.202906109355073805e-02,8.861920176642566105e+01,5.199943396312338706e+01,1.000000000000000000e+00
-4.828652552267984066e-02,8.865703274634451247e+01,5.200978531529607096e+01,1.000000000000000000e+00
3.202164699085074950e-02,8.850606730290029134e+01,5.243677146993127991e+01,1.000000000000000000e+00
-1.153594947920804498e-02,8.860688806154860231e+01,5.215656576748570927e+01,1.000000000000000000e+00
1.809543004388023194e-03,8.868978143524741142e+01,5.198990819614085268e+01,1.000000000000000000e+00
-2.067629032878785106e-02,8.852370544185703238e+01,5.206203268279608665e+01,1.000000000000000000e+00
6.021905237558022872e-02,8.852565852370192090e+01,5.252946235909416828e+01,1.000000000000000000e+00
2.238921170027201313e-02,8.857089696380045041e+01,5.231104692866742312e+01,1.000000000000000000e+00
5.390240381053280211e-03,8.859820089131679310e+01,5.218751820702748745e+01,1.000000000000000000e+00
2.664801133718872842e-03,8.861338133038708520e+01,5.220214377296758812e+01,1.000000000000000000e+00
-4.472794059363513486e-02,8.862893965438827593e+01,5.207405441435710713e+01,1.000000000000000000e+00
2.703634946889878037e-03,8.860564522027382850e+01,5.217344573210744585e+01,1.000000000000000000e+00
-8.652172207525453407e-02,8.868975394907467091e+01,5.182361182338448202e+01,1.000000000000000000e+00
3.484817359240139495e-02,8.852644589864665647e+01,5.216457946652997890e+01,1.000000000000000000e+00
-3.126431723890586711e-02,8.867087065618162001e+01,5.199096903670724146e+01,1.000000000000000000e+00
1.768883822057172595e-02,8.856812695080711251e+01,5.227027901870043536e+01,1.000000000000000000e+00
-2.490477562795010737e-03,8.856331145303511221e+01,5.232093766241113997e+01,1.000000000000000000e+00
-8.783771375427360320e-03,8.858884123966328161e+01,5.207968132257679628e+01,1.000000000000000000e+00
2.399882023355983524e-02,8.854519033218534219e+01,5.238326941106365098e+01,1.000000000000000000e+00
4.784984961351213852e-03,8.853355963472638734e+01,5.207804991045811249e+01,1.000000000000000000e+00
-1.018360977373322087e-03,8.856830396331319832e+01,5.222940956490452891e+01,1.000000000000000000e+00
7.151260628685755794e-02,8.848182477449991268e+01,5.266691860118492485e+01,1.000000000000000000e+00
-2.025179442078442818e-02,8.859992399360129411e+01,5.212575562045731203e+01,1.000000000000000000e+00
5.248190369181120890e-02,8.845162230092512345e+01,5.230023442715416593e+01,1.000000000000000000e+00
-4.153710478319585023e-03,8.862947428251523263e+01,5.204104494307279083e+01,1.000000000000000000e+00
3.945509105340374439e-02,8.858192314947585544e+01,5.236285878616749301e+01,1.000000000000000000e+00
9.504206799435921393e-03,8.862027046893874171e+01,5.219042230695499285e+01,1.000000000000000000e+00
1.956681613498669967e-02,8.852988998979880364e+01,5.197191133026326071e+01,1.000000000000000000e+00
9.347127689557079011e-02,8.842420206733099519e+01,5.271159832014539148e+01,1.000000000000000000e+00
-3.025786199514353403e-02,8.860103981831099418e+01,5.206237502960053121e+01,1.000000000000000000e+00
9.368784747329206991e-03,8.860299517288737547e+01,5.214011140047519177e+01,1.000000000000000000e+00
-7.677433353302900998e-02,8.861174616640610679e+01,5.182874309358464160e+01,1.000000000000000000e+00
2.139771584849976815e-02,8.851610833576665982e+01,5.238129241575433070e+01,1.000000000000000000e+00
1.143882768170173189e-02,8.850326745230040615e+01,5.181537293939999955e+01,1.000000000000000000e+00
-5.927242616157819138e-02,8.858339396806572097e+01,5.173951357245187666e+01,1.000000000000000000e+00
-3.421273727658978581e-02,8.865993614975816683e+01,5.202794332571215818e+01,1.000000000000000000e+00
3.297418486549565791e-02,8.851996132834817388e+01,5.214780347743609923e+01,1.000000000000000000e+00
8.738540584193521185e-03,8.857333013999630111e+01,5.221740655900656236e+01,1.000000000000000000e+00
-9.217629284878531976e-03,8.857470167441333331e+01,5.213569197895733254e+01,1.000000000000000000e+00
-1.575443112932392586e-02,8.860979932893035027e+01,5.214397296829097428e+01,1.000000000000000000e+00
-1.944707178577104439e-03,8.856078459697278049e+01,5.190400011783675893e+01,1.000000000000000000e+00
1.102365722522401052e-02,8.866304421304151617e+01,5.221160615409984729e+01,1.000000000000000000e+00
-3.444525914847259424e-02,8.854851588640647719e+01,5.181798950504936840e+01,1.000000000000000000e+00
5.296278561015709332e-03,8.856445409483313824e+01,5.221073144835366264e+01,1.000000000000000000e+00
-2.812866251323635144e-02,8.861184545309214400e+01,5.204690213228752782e+01,1.000000000000000000e+00
7.056274570985552642e-03,8.860633262768409679e+01,5.215685638647250499e+01,1.000000000000000000e+00
6.224708825000382917e-02,8.854526473392246544e+01,5.247486323655781604e+01,1.000000000000000000e+00
6.583192851047854621e-02,8.858688827304598590e+01,5.229204815640322579e+01,1.000000000000000000e+00
7.838155770733268302e-03,8.864955542987159731e+01,5.218739181545412720e+01,1.000000000000000000e+00
6.850009817856451966e-02,8.853379719969214534e+01,5.253102895993027488e+01,1.000000000000000000e+00
-5.468494991451425952e-02,8.868786649447952186e+01,5.199120836114733635e+01,1.000000000000000000e+00
1.529028785708128613e-01,8.840197759396596666e+01,5.289970548325860022e+01,1.000000000000000000e+00
1.999718227256044867e-02,8.856100737279355428e+01,5.220144034880852502e+01,1.000000000000000000e+00
2.996468407845027937e-02,8.851002818203200206e+01,5.243135084480946517e+01,1.000000000000000000e+00
6.563994815552624644e-03,8.851450173022651313e+01,5.211875618502484997e+01,1.000000000000000000e+00
2.570679589506399965e-02,8.853569808813793429e+01,5.232430929919819107e+01,1.000000000000000000e+00
6.323489435348133257e-03,8.857781700360867205e+01,5.222671649408333394e+01,1.000000000000000000e+00
5.413976004601995032e-03,8.849462957680607644e+01,5.206849391949476313e+01,1.000000000000000000e+00
8.647504767920263791e-02,8.848263400765235076e+01,5.261637467798023238e+01,1.000000000000000000e+00
1.159871582868533535e-01,8.841573894774428766e+01,5.268338271994353050e+01,1.000000000000000000e+00
-3.919758238656784882e-02,8.860049391776111349e+01,5.196328221102910305e+01,1.000000000000000000e+00
2.130227882717829202e-02,8.861157284570317927e+01,5.220748278808329701e+01,1.000000000000000000e+00
5.381022316241276110e-02,8.855353890340634848e+01,5.247089728605742920e+01,1.000000000000000000e+00
-2.428036899343296185e-03,8.865125396386753209e+01,5.215248047614825566e+01,1.000000000000000000e+00
1.857634495069099972e-02,8.857545660449238767e+01,5.227942831300048709e+01,1.000000000000000000e+00
5.572600541066122237e-02,8.856808451650483960e+01,5.247399968083917088e+01,1.000000000000000000e+00
-3.912428624718141540e-02,8.866895391316644748e+01,5.197717102375349896e+01,1.000000000000000000e+00
-8.365899756009119448e-02,8.859300096544529879e+01,5.170392990752097262e+01,1.000000000000000000e+00
2.948119985602751930e-02,8.853078666026294741e+01,5.241347070716656020e+01,1.000000000000000000e+00
2.595619917691684847e-02,8.853098517294731096e+01,5.212043711494682441e+01,1.000000000000000000e+00
-5.136399208693391387e-03,8.868786576244964692e+01,5.211423026981672990e+01,1.000000000000000000e+00
-6.586431671057481341e-02,8.862454559839463286e+01,5.193388594523881352e+01,1.000000000000000000e+00
5.720949483901570376e-02,8.849137520757221864e+01,5.259302167750200852e+01,1.000000000000000000e+00
-4.232093949619140927e-02,8.866115696067107876e+01,5.193638790873457367e+01,1.000000000000000000e+00
7.657291229746224226e-02,8.859677526552300719e+01,5.252884159085041915e+01,1.000000000000000000e+00
-4.329634584086699406e-02,8.862034907169966402e+01,5.163700932086541684e+01,1.000000000000000000e+00
-4.528620795072419054e-03,8.856759639326236311e+01,5.216968900562414291e+01,1.000000000000000000e+00
1.807633753718726824e-02,8.849495107692868601e+01,5.203013637972296834e+01,1.000000000000000000e+00
6.620581127308883262e-02,8.850489428082967436e+01,5.259543092503659523e+01,1.000000000000000000e+00
9.957043162544589390e-03,8.860942475256065620e+01,5.222318772125564124e+01,1.000000000000000000e+00
7.242206316332383542e-02,8.839377711164982543e+01,5.219987307917611474e+01,1.000000000000000000e+00
4.163234899211653434e-02,8.853515602231392734e+01,5.193949856809020815e+01,1.000000000000000000e+00
-5.657872130037399500e-02,8.865034513304026120e+01,5.197566780242866002e+01,1.000000000000000000e+00
-1.032421899905835300e-02,8.868045521777308693e+01,5.200625181302545741e+01,1.000000000000000000e+00
5.281574456869029405e-03,8.855727813769772183e+01,5.226452410169411422e+01,1.000000000000000000e+00
-1.243731175494169720e-02,8.858441504070582084e+01,5.220503440696280251e+01,1.000000000000000000e+00
-2.064617373483689303e-02,8.861173789881343055e+01,5.210702860346388832e+01,1.000000000000000000e+00
4.996331053167811509e-02,8.854352220186254385e+01,5.248997747879447218e+01,1.000000000000000000e+00
1.367876256252987567e-02,8.857211164580769491e+01,5.197044672649211350e+01,1.000000000000000000e+00
-1.146478965106788317e-02,8.856836719258760127e+01,5.214704629589771656e+01,1.000000000000000000e+00
1.629985278095655646e-02,8.860103548508094207e+01,5.224882506056961518e+01,1.000000000000000000e+00
4.086154640819622541e-02,8.862206404983896846e+01,5.237546635038226839e+01,1.000000000000000000e+00
4.611739629466913605e-03,8.858266724261930847e+01,5.225865620858945704e+01,1.000000000000000000e+00
2.472254578318242024e-02,8.849750248901160887e+01,5.200974172600691503e+01,1.000000000000000000e+00
2.281986765712508761e-02,8.854257421917459681e+01,5.235821269799391331e+01,1.000000000000000000e+00
-3.423884127713266307e-02,8.859737434176588522e+01,5.198089869105700700e+01,1.000000000000000000e+00
7.449670236559594039e-02,8.834673881001482698e+01,5.246594277433764830e+01,1.000000000000000000e+00
-4.056520958790621207e-04,8.859488056700530478e+01,5.215736477959438133e+01,1.000000000000000000e+00
-3.192465628631051267e-02,8.875314136618725058e+01,5.187861614184809866e+01,1.000000000000000000e+00
4.318460096176608698e-02,8.850090690346769406e+01,5.196931903969777977e+01,1.000000000000000000e+00
-4.454925030893334970e-02,8.866584118124542613e+01,5.198429318340431138e+01,1.000000000000000000e+00
-7.171551694553741918e-02,8.866937277984396815e+01,5.186745336619759428e+01,1.000000000000000000e+00
-3.725141950116175188e-02,8.866674893566784021e+01,5.180847216193490112e+01,1.000000000000000000e+00
-2.350903902127780137e-02,8.854678083952309464e+01,5.180870041665791348e+01,1.000000000000000000e+00
-2.659596895549747042e-02,8.860515617940667710e+01,5.182806548017659765e+01,1.000000000000000000e+00
-2.765167455602618798e-02,8.856058464920380402e+01,5.208432391583830423e+01,1.000000000000000000e+00
1.116488374962246047e-03,8.856932053072236499e+01,5.229063053854110876e+01,1.000000000000000000e+00
2.655470226392452147e-03,8.858891154577413829e+01,5.211451499291706568e+01,1.000000000000000000e+00
2.919885584653983315e-03,8.867787160866690499e+01,5.208236776248055833e+01,1.000000000000000000e+00
5.424038493359078367e-03,8.861751515234152521e+01,5.221911575882966616e+01,1.000000000000000000e+00
1.818470541758169037e-02,8.858152071028028729e+01,5.218835077179703319e+01,1.000000000000000000e+00
-2.171246059019616217e-02,8.863132887821144834e+01,5.204954445353939718e+01,1.000000000000000000e+00
3.456473542984273006e-02,8.848169817178408891e+01,5.246740590600256837e+01,1.000000000000000000e+00
-7.700044563871809127e-03,8.861105521497408688e+01,5.220351135406449572e+01,1.000000000000000000e+00
5.340037266051894660e-02,8.846259205259077874e+01,5.251422255794928873e+01,1.000000000000000000e+00
3.848134613699207701e-02,8.856859241406299077e+01,5.239914052763607799e+01,1.000000000000000000e+00
3.462559756046554998e-02,8.865273125122214992e+01,5.231856332486997729e+01,1.000000000000000000e+00
7.826147555093734831e-02,8.845598628874373048e+01,5.264337285983928894e+01,1.000000000000000000e+00
5.705464526036921336e-02,8.849813243234859783e+01,5.246102172719294288e+01,1.000000000000000000e+00
6.424541252611645770e-02,8.849309521121288924e+01,5.250706473423093001e+01,1.000000000000000000e+00
-4.173023083311857076e-03,8.859059972268472904e+01,5.220248252839658676e+01,1.000000000000000000e+00
-4.902916643656941853e-02,8.872956267098970784e+01,5.192907988612940784e+01,1.000000000000000000e+00
1.190879019577132519e-01,8.852652122302693272e+01,5.250512576125237274e+01,1.000000000000000000e+00
2.969216320008714188e-02,8.854833281135628908e+01,5.231147394065175149e+01,1.000000000000000000e+00
2.471212726972485396e-02,8.855132739360504956e+01,5.232548972680128685e+01,1.000000000000000000e+00
9.117870668071514917e-03,8.856407308165859149e+01,5.229789383600999031e+01,1.000000000000000000e+00
2.183859939157621263e-02,8.857019073278250687e+01,5.238159654642900165e+01,1.000000000000000000e+00
4.229107954745033732e-02,8.842301880403020675e+01,5.223634486726120230e+01,1.000000000000000000e+00
-1.696238444414302146e-02,8.858243880539998827e+01,5.212573063265068640e+01,1.000000000000000000e+00
-2.463899135768105389e-02,8.871778774099021803e+01,5.190736236468048048e+01,1.000000000000000000e+00
2.269340866125062195e-02,8.852073924463887522e+01,5.198087315603135750e+01,1.000000000000000000e+00
2.676947543381863123e-02,8.865355635251906108e+01,5.225903179729998271e+01,1.000000000000000000e+00
-2.513553701396806922e-02,8.861275396814404814e+01,5.213241129587383682e+01,1.000000000000000000e+00
1.692362299971340162e-02,8.858672594832997049e+01,5.226844498996585031e+01,1.000000000000000000e+00
-5.875404782768343936e-03,8.861477961863471364e+01,5.220315596921332713e+01,1.000000000000000000e+00
-2.194597597303899958e-02,8.855951033567966135e+01,5.209372840522947001e+01,1.000000000000000000e+00
1.307271211482273141e-02,8.862343060623581437e+01,5.217242097136433188e+01,1.000000000000000000e+00
1.074493973626001672e-02,8.860668261880041996e+01,5.228497649050295593e+01,1.000000000000000000e+00
6.305150753430206756e-02,8.835193937920814733e+01,5.239689736856254854e+01,1.000000000000000000e+00
-1.227041947680280153e-02,8.862321263028646001e+01,5.216986264245672800e+01,1.000000000000000000e+00
1.915578690579454110e-02,8.856486965351150786e+01,5.230455296570536916e+01,1.000000000000000000e+00
-2.656692850816897225e-02,8.864840844914503748e+01,5.203220074408111628e+01,1.000000000000000000e+00
-4.843917306127642347e-02,8.862208373301238851e+01,5.211085450479905745e+01,1.000000000000000000e+00
1.870808886503828872e-02,8.854810441192024939e+01,5.229697435751803170e+01,1.000000000000000000e+00
2.087343657298957461e-02,8.858084913882605349e+01,5.229870128403249652e+01,1.000000000000000000e+00
-2.055751028869093333e-02,8.857791434839542433e+01,5.211689154901761611e+01,1.000000000000000000e+00
-4.192655819609977103e-02,8.859047829408373786e+01,5.211476506729091085e+01,1.000000000000000000e+00
-3.500941130042164139e-03,8.860540619105738358e+01,5.208885970801426879e+01,1.000000000000000000e+00
-1.015412964130744423e-02,8.861982165063650996e+01,5.219245550637801756e+01,1.000000000000000000e+00
-8.539671323063694917e-04,8.857679600506027384e+01,5.216127935868124155e+01,1.000000000000000000e+00
3.242791518588401811e-02,8.851527132884552884e+01,5.245852273601499860e+01,1.000000000000000000e+00
-2.753044662930822020e-02,8.855748202001383618e+01,5.216348525805527458e+01,1.000000000000000000e+00
-7.137270137390318292e-02,8.867754204466545787e+01,5.183497608445269123e+01,1.000000000000000000e+00
-5.081974773443474064e-02,8.856523726151320375e+01,5.182374523495796126e+01,1.000000000000000000e+00
8.949889841864634363e-03,8.851057536939748616e+01,5.213232527742474076e+01,1.000000000000000000e+00
6.407885570223375779e-03,8.862103029994135284e+01,5.224649418181255101e+01,1.000000000000000000e+00
-2.712119713547041927e-02,8.855464610729335106e+01,5.183606847438771581e+01,1.000000000000000000e+00
1.073699249044418880e-01,8.858223900609236523e+01,5.262100024376098872e+01,1.000000000000000000e+00
1.529320432667389575e-02,8.857730530776218814e+01,5.233139392622690167e+01,1.000000000000000000e+00
-5.716166200560744010e-02,8.863739506453271133e+01,5.202895089052020694e+01,1.000000000000000000e+00
2.758024899084213916e-02,8.864580284320955172e+01,5.235738817133841394e+01,1.000000000000000000e+00
1.487238168287288546e-02,8.852524736724147658e+01,5.234621346201116410e+01,1.000000000000000000e+00
-1.714740567167857138e-03,8.851906211933226132e+01,5.201837786245917528e+01,1.000000000000000000e+00
3.135854528907601468e-02,8.838823146170049938e+01,5.216749717811893561e+01,1.000000000000000000e+00
1.567689136606789657e-02,8.851269136232635049e+01,5.195993635345898554e+01,1.000000000000000000e+00
3.052833078073548603e-02,8.851317664186036893e+01,5.227574681356959019e+01,1.000000000000000000e+00
5.148760347330139098e-02,8.862353925491221673e+01,5.234590810285602913e+01,1.000000000000000000e+00
-3.258638275073703905e-02,8.863906474869574481e+01,5.202803447192854946e+01,1.000000000000000000e+00
-7.009975573928638876e-03,8.853785341808774945e+01,5.180988570462358211e+01,1.000000000000000000e+00
-1.649710618170278920e-02,8.863275855214645560e+01,5.212383318053127823e+01,1.000000000000000000e+00
3.494595360522852884e-02,8.856907922248579723e+01,5.230931142651940036e+01,1.000000000000000000e+00
5.766981533872569954e-02,8.842896713980512402e+01,5.238457530612790691e+01,1.000000000000000000e+00
-2.884521707696592260e-02,8.864953697744137173e+01,5.190252785955991754e+01,1.000000000000000000e+00
1.243744656693640260e-01,8.830257343245523316e+01,5.265402430850781457e+01,1.000000000000000000e+00
-2.256029279800667031e-02,8.851226511505264227e+01,5.200906129170786585e+01,1.000000000000000000e+00
6.305815485568454139e-04,8.860518895491937030e+01,5.212300072505737347e+01,1.000000000000000000e+00
1.257927673369431051e-02,8.855793416494449843e+01,5.225679301980174785e+01,1.000000000000000000e+00
-1.062397427316980232e-02,8.860465679790651450e+01,5.214614881607623431e+01,1.000000000000000000e+00
-2.113165227294212453e-02,8.863477184839915424e+01,5.212131414648554539e+01,1.000000000000000000e+00
-2.426707351972000326e-02,8.866179309470375358e+01,5.209692634869369954e+01,1.000000000000000000e+00
-2.044215006352753314e-02,8.861058668108933034e+01,5.213789630323582003e+01,1.000000000000000000e+00
-1.159474602323598558e-01,8.876017156681891151e+01,5.172826186134234661e+01,1.000000000000000000e+00
1.812648473714154745e-02,8.865251445336775760e+01,5.207136264081000121e+01,1.000000000000000000e+00
1.506761708170180694e-02,8.855480096293493375e+01,5.232678284407685965e+01,1.000000000000000000e+00
5.990371284158556471e-03,8.857754272144778440e+01,5.222498686077449292e+01,1.000000000000000000e+00
1.044442718053089671e-02,8.855261534199462403e+01,5.212862052655907519e+01,1.000000000000000000e+00
1.384574327711703134e-02,8.855489383410541393e+01,5.196739914626023449e+01,1.000000000000000000e+00
-4.343161400757496876e-02,8.865184840499887287e+01,5.204817137375865599e+01,1.000000000000000000e+00
1.353396090302812910e-02,8.845968046798959961e+01,5.211756283007801471e+01,1.000000000000000000e+00
5.919462085326206505e-03,8.867558792194304829e+01,5.215388787180162922e+01,1.000000000000000000e+00
1.313422013604978456e-02,8.854808394295065455e+01,5.228188746185415425e+01,1.000000000000000000e+00
1.890893605005273051e-02,8.857093322873372188e+01,5.230378983829754702e+01,1.000000000000000000e+00
-1.035910724289829804e-02,8.861380495642714550e+01,5.218907756889704785e+01,1.000000000000000000e+00
-1.780002485054377193e-02,8.862292562684316977e+01,5.209356326121664438e+01,1.000000000000000000e+00
2.040947279527934206e-03,8.858429364315429666e+01,5.218860729806640109e+01,1.000000000000000000e+00
7.711827066094575911e-02,8.846104262185961886e+01,5.240480092068938234e+01,1.000000000000000000e+00
4.391555135597707132e-02,8.851961114232567240e+01,5.252642756231249876e+01,1.000000000000000000e+00
-5.402505971336729954e-03,8.859132205196823406e+01,5.216913303826436987e+01,1.000000000000000000e+00
5.497243448334170751e-03,8.868598954562027359e+01,5.208602344906297077e+01,1.000000000000000000e+00
1.751468377469407589e-02,8.862569087575322158e+01,5.222155317592470425e+01,1.000000000000000000e+00
-1.124186193558839378e-02,8.852681730035784824e+01,5.221329221317066782e+01,1.000000000000000000e+00
-1.964739669323175078e-02,8.864898432938896633e+01,5.197702557737631679e+01,1.000000000000000000e+00
6.783119353980252009e-02,8.852155321192903159e+01,5.257269374435135489e+01,1.000000000000000000e+00
8.426592403100642559e-02,8.853829610478935308e+01,5.261317120748741871e+01,1.000000000000000000e+00
-4.332728340685300383e-02,8.855057851160225368e+01,5.197704527733850455e+01,1.000000000000000000e+00
1.088820389529232893e-02,8.854117644420080069e+01,5.227895934136105893e+01,1.000000000000000000e+00
8.346149811807584973e-02,8.845017831293957045e+01,5.260936948713382577e+01,1.000000000000000000e+00
3.985296263986053654e-03,8.858166669723317455e+01,5.214651834039577238e+01,1.000000000000000000e+00
7.078682419864013552e-03,8.857828805613534939e+01,5.218136572546259799e+01,1.000000000000000000e+00
2.262541711290278965e-02,8.856614926265092436e+01,5.231458416048539561e+01,1.000000000000000000e+00
2.255456067310328272e-02,8.853852101722067403e+01,5.191482666555814518e+01,1.000000000000000000e+00
7.710761979062090953e-03,8.858683836250874322e+01,5.219412841876711440e+01,1.000000000000000000e+00
-8.044484044722556570e-02,8.866065310483077155e+01,5.182330477337454511e+01,1.000000000000000000e+00
-8.072812911335369539e-04,8.862838053456074761e+01,5.222783960142341186e+01,1.000000000000000000e+00
-2.175675921626166187e-02,8.865636442868175493e+01,5.208451772125351198e+01,1.000000000000000000e+00
7.259337151597564097e-02,8.853204990442564792e+01,5.255647673039558043e+01,1.000000000000000000e+00
-1.264547840752556964e-04,8.859652852539416301e+01,5.218517273623800179e+01,1.000000000000000000e+00
1.431057516651535431e-02,8.861979530197739052e+01,5.229973630726078682e+01,1.000000000000000000e+00
8.184310646164946615e-04,8.860419090963999622e+01,5.225065617006254115e+01,1.000000000000000000e+00
1.953206044575865954e-02,8.854594221162722079e+01,5.219979971719873646e+01,1.000000000000000000e+00
3.899659299626236780e-03,8.865247039511106664e+01,5.212099671848254445e+01,1.000000000000000000e+00
-5.376821169804588130e-02,8.865024167354525275e+01,5.200781697522231184e+01,0.000000000000000000e+00
3.062461728290341492e-03,8.865911351282605324e+01,5.219028487932011018e+01,0.000000000000000000e+00
-2.459475374603637635e-03,8.898139542644480571e+01,5.158417606660607646e+01,0.000000000000000000e+00
-8.142539855184059705e-02,8.870324704157792439e+01,5.193325442387504154e+01,0.000000000000000000e+00
-2.838056530665401464e-02,8.869168967561853378e+01,5.208867379764156880e+01,0.000000000000000000e+00
-3.486841539054353484e-02,8.869702555984170544e+01,5.191013762675196119e+01,0.000000000000000000e+00
-8.559230233569683696e-03,8.866389670895412678e+01,5.216849537705929407e+01,0.000000000000000000e+00
4.262549824237344201e-03,8.884382960963135645e+01,5.202116912579214159e+01,0.000000000000000000e+00
9.248384008448308144e-03,8.868423760980226689e+01,5.193465317952669125e+01,0.000000000000000000e+00
-5.376821169804588130e-02,8.865024167354525275e+01,5.200781697522231184e+01,0.000000000000000000e+00
-7.375317871823829433e-03,8.900935737300952155e+01,5.174129618661845598e+01,0.000000000000000000e+00
2.483569176625654434e-02,8.863280807353287116e+01,5.215062087823032755e+01,0.000000000000000000e+00
3.873975863511768154e-03,8.860594406156798186e+01,5.226766753062703685e+01,0.000000000000000000e+00
-1.542173607118155557e-02,8.866305465787699802e+01,5.211550614865948461e+01,0.000000000000000000e+00
-1.542173607118155557e-02,8.866305465787699802e+01,5.211550614865948461e+01,0.000000000000000000e+00
-8.142539855184059705e-02,8.870324704157792439e+01,5.193325442387504154e+01,0.000000000000000000e+00
2.483569176625654434e-02,8.863280807353287116e+01,5.215062087823032755e+01,0.000000000000000000e+00
3.638080104573917367e-02,8.859790893205429541e+01,5.238657219194231374e+01,0.000000000000000000e+00
-5.683868517609445142e-02,8.850135995931891841e+01,5.161492468661775490e+01,0.000000000000000000e+00
1.635534702396945197e-03,8.868757404562573754e+01,5.205295645488970990e+01,0.000000000000000000e+00
6.322954786770797198e-02,8.853065905029971816e+01,5.249517663281984881e+01,0.000000000000000000e+00
1.951073867980801860e-02,8.902580004645594158e+01,5.153195840538231920e+01,0.000000000000000000e+00
-7.030053329049078259e-02,0.000000000000000000e+00,5.164586970190880777e+01,0.000000000000000000e+00
-2.070249474407411059e-03,8.867264364296377721e+01,5.215636729098135049e+01,0.000000000000000000e+00
-7.390170621819229513e-02,8.870571073498135206e+01,5.191808457597639404e+01,0.000000000000000000e+00
7.406064755777696899e-03,8.881214669001575146e+01,5.224601114285785286e+01,0.000000000000000000e+00
2.367725472698257658e-02,8.900179169133484436e+01,5.154084502523573263e+01,0.000000000000000000e+00
-2.210807615652101744e-03,8.866551083055118454e+01,5.201231450108473808e+01,0.000000000000000000e+00
7.646148998696352360e-04,8.898678091629436437e+01,5.154234762858984453e+01,0.000000000000000000e+00
-3.972027850593869147e-02,8.887289483989501093e+01,5.149404468918181266e+01,0.000000000000000000e+00
1.189943518841948128e-02,8.868810080315429900e+01,5.214678083414334253e+01,0.000000000000000000e+00
-1.432498213637626444e-02,8.809667562530026430e+01,5.195799544768171785e+01,0.000000000000000000e+00
6.253259363351809652e-02,8.853682940377834143e+01,5.250641106851743700e+01,0.000000000000000000e+00
-4.033909406347767346e-02,8.855858332084919482e+01,5.209091036629419591e+01,0.000000000000000000e+00
-4.004729924979210515e-02,8.833258869887221465e+01,5.199984109943673616e+01,0.000000000000000000e+00
2.964879118138848482e-02,8.861144554416725327e+01,5.215534360487161081e+01,0.000000000000000000e+00
1.417516851340508031e-03,8.876896993248618628e+01,5.197759706314913331e+01,0.000000000000000000e+00
2.964879118138848482e-02,8.861144554416725327e+01,5.215534360487161081e+01,0.000000000000000000e+00
3.062461728290341492e-03,8.865911351282605324e+01,5.219028487932011018e+01,0.000000000000000000e+00
6.758626519595991450e-03,8.823185492232782678e+01,5.207369357574735602e+01,0.000000000000000000e+00
2.483569176625654434e-02,8.863280807353287116e+01,5.215062087823032755e+01,0.000000000000000000e+00
-2.947928564960716757e-02,8.856149521260304880e+01,5.181775934869090605e+01,0.000000000000000000e+00
1.191180587548000937e-03,8.868604590453563219e+01,5.219365582603504805e+01,0.000000000000000000e+00
2.570716901505972537e-03,8.895931208659644085e+01,5.182117400510289684e+01,0.000000000000000000e+00
-2.624698279688080296e-02,8.872200463312626084e+01,5.190645915058620830e+01,0.000000000000000000e+00
-1.542173607118155557e-02,8.866305465787699802e+01,5.211550614865948461e+01,0.000000000000000000e+00
-8.128529759738034599e-02,8.867091944013361626e+01,5.192596269876564463e+01,0.000000000000000000e+00
-2.957981189382742626e-02,8.868979096896580927e+01,5.190381093163083648e+01,0.000000000000000000e+00
3.062461728290341492e-03,8.865911351282605324e+01,5.219028487932011018e+01,0.000000000000000000e+00
9.507143173991343052e-03,8.863480018428940355e+01,5.221413484501279356e+01,0.000000000000000000e+00
-2.529275720118097717e-02,8.796138887914641202e+01,5.186866558369381863e+01,0.000000000000000000e+00
-6.720382792962252549e-02,8.868132102897799030e+01,5.189152944264212408e+01,0.000000000000000000e+00
2.964879118138848482e-02,8.861144554416725327e+01,5.215534360487161081e+01,0.000000000000000000e+00
-5.789323024343523416e-02,8.868521074283479777e+01,5.181803480909295700e+01,0.000000000000000000e+00
-6.764098502006490876e-02,8.894807104781502005e+01,5.187684432916615407e+01,0.000000000000000000e+00
-6.720382792962252549e-02,8.868132102897799030e+01,5.189152944264212408e+01,0.000000000000000000e+00
-1.739006291131349035e-03,8.891610762968620918e+01,5.161606614069646071e+01,0.000000000000000000e+00
9.862546403379922593e-04,8.864653759217931395e+01,5.218003403406882512e+01,0.000000000000000000e+00
9.507143173991343052e-03,8.863480018428940355e+01,5.221413484501279356e+01,0.000000000000000000e+00
-3.918513618146092677e-03,8.887730437941546313e+01,5.192075006702874873e+01,0.000000000000000000e+00
-5.789323024343523416e-02,8.868521074283479777e+01,5.181803480909295700e+01,0.000000000000000000e+00
-5.376821169804588130e-02,8.865024167354525275e+01,5.200781697522231184e+01,0.000000000000000000e+00
9.719170969339403082e-03,8.866117433335816145e+01,5.225247776958565282e+01,0.000000000000000000e+00
-7.390170621819229513e-02,8.870571073498135206e+01,5.191808457597639404e+01,0.000000000000000000e+00
-5.646949186852643493e-02,8.841607450950279201e+01,5.170859910211045474e+01,0.000000000000000000e+00
-2.714043245913978601e-03,8.868465203747290104e+01,5.205601871649896850e+01,0.000000000000000000e+00
-1.253848808727479891e-02,0.000000000000000000e+00,5.172762544027403919e+01,0.000000000000000000e+00
2.169026107541935106e-03,8.866877644570610073e+01,5.216285810706474280e+01,0.000000000000000000e+00
-7.390170621819229513e-02,8.870571073498135206e+01,5.191808457597639404e+01,0.000000000000000000e+00
-2.911028019301053343e-02,8.901622779215156811e+01,5.133531775466223479e+01,0.000000000000000000e+00
-5.371324108625087461e-03,8.868529767059007440e+01,5.205002714021090071e+01,0.000000000000000000e+00
2.169026107541935106e-03,8.866877644570610073e+01,5.216285810706474280e+01,0.000000000000000000e+00
-4.033909406347767346e-02,8.855858332084919482e+01,5.209091036629419591e+01,0.000000000000000000e+00
7.837762290257814166e-03,8.865289156246404900e+01,5.216608361729849719e+01,0.000000000000000000e+00
-6.056375139968629695e-02,8.862483615359275291e+01,5.175006991461179950e+01,0.000000000000000000e+00
-6.072187496184952874e-04,8.876335408778976444e+01,5.193953748105764134e+01,0.000000000000000000e+00
4.836342826571696056e-03,8.859831911751177813e+01,5.222297677679357264e+01,0.000000000000000000e+00
1.489944506573349231e-02,8.802318797687843244e+01,5.192719675421336945e+01,0.000000000000000000e+00
-3.088521043045821049e-02,8.856058453298606992e+01,5.222008938319422100e+01,0.000000000000000000e+00
1.333034099531593512e-02,0.000000000000000000e+00,5.185578303351084628e+01,0.000000000000000000e+00
1.531726404009278383e-02,8.885326993148419206e+01,5.182556531740669215e+01,0.000000000000000000e+00
-6.924905339033626990e-03,8.868090272898284354e+01,5.213161733785574370e+01,0.000000000000000000e+00
2.708822791162683054e-04,8.867372353686661768e+01,5.209365222768509796e+01,0.000000000000000000e+00
4.836342826571696056e-03,8.859831911751177813e+01,5.222297677679357264e+01,0.000000000000000000e+00
-3.503205602759488276e-03,0.000000000000000000e+00,5.185017262126415005e+01,0.000000000000000000e+00
-6.431528944585021904e-03,8.870043142287742910e+01,5.214150938803109625e+01,0.000000000000000000e+00
-2.952202856569818151e-02,8.862899374250748963e+01,5.214714972245384672e+01,0.000000000000000000e+00
-2.952202856569818151e-02,8.862899374250748963e+01,5.214714972245384672e+01,0.000000000000000000e+00
-3.162441030412830451e-02,8.863767658356708523e+01,5.219056344927180646e+01,0.000000000000000000e+00
7.931536677535219108e-05,0.000000000000000000e+00,5.187978111341926279e+01,0.000000000000000000e+00
-4.278104193180289928e-03,8.878641531895823391e+01,5.173380165655661500e+01,0.000000000000000000e+00
-3.850461838907619228e-02,8.890941563109630863e+01,5.179592178688059789e+01,0.000000000000000000e+00
-2.952202856569818151e-02,8.862899374250748963e+01,5.214714972245384672e+01,0.000000000000000000e+00
-2.969234901985389873e-03,8.862082033980586004e+01,5.218659012299425370e+01,0.000000000000000000e+00
-2.435007876248801266e-03,8.895796926618589850e+01,5.183737711511656698e+01,0.000000000000000000e+00
-6.280526569833093375e-02,8.897176011698984155e+01,5.158365367722255002e+01,0.000000000000000000e+00
1.046099779664301337e-02,8.860206774689189047e+01,5.224818969515190759e+01,0.000000000000000000e+00
4.758448267125051274e-05,8.875800510169149504e+01,5.222350909024174825e+01,0.000000000000000000e+00
-2.177212947422771383e-02,8.897084989293954038e+01,5.165191705086904506e+01,0.000000000000000000e+00
-1.648489767397209958e-03,8.860632453100595285e+01,5.226084154266752080e+01,0.000000000000000000e+00
2.615505626241833304e-03,8.860947487926581800e+01,5.233234027639184660e+01,0.000000000000000000e+00
2.525994908283007642e-02,8.889672939358706572e+01,5.214899108684705453e+01,0.000000000000000000e+00
3.954882958862188796e-02,8.874570894133113086e+01,5.250063693409720855e+01,0.000000000000000000e+00
-1.270456229965763982e-02,8.872548659897603329e+01,5.215955600818933391e+01,0.000000000000000000e+00
-6.344801472103932249e-02,8.867617156086730290e+01,5.195790048581679343e+01,0.000000000000000000e+00
2.490646591231399781e-03,8.861650055859581698e+01,5.227306735948914707e+01,0.000000000000000000e+00
-3.208944884434741796e-02,8.901851467682044472e+01,5.143647004014498236e+01,0.000000000000000000e+00
-3.121314995414222956e-02,8.864548411352950552e+01,5.210485780299697467e+01,0.000000000000000000e+00
-6.344801472103932249e-02,8.867617156086730290e+01,5.195790048581679343e+01,0.000000000000000000e+00
1.731423102843784520e-02,8.862516115031206709e+01,5.233763059121363881e+01,0.000000000000000000e+00
-1.146017025652057344e-03,8.858636872455168998e+01,5.223420610151385546e+01,0.000000000000000000e+00
5.111143798061577176e-03,8.858782059463442238e+01,5.231101663779300281e+01,0.000000000000000000e+00
-1.146017025652057344e-03,8.858636872455168998e+01,5.223420610151385546e+01,0.000000000000000000e+00
6.253194668984953485e-03,8.814270992916573277e+01,5.225294750727680793e+01,0.000000000000000000e+00
2.631109199189391595e-02,8.853772189129486492e+01,5.236230194137335303e+01,0.000000000000000000e+00
-7.700252018382727943e-03,8.862129512584340318e+01,5.224439020171153913e+01,0.000000000000000000e+00
7.048784871589583272e-03,8.862435579131711449e+01,5.229334954933383983e+01,0.000000000000000000e+00
6.150676873892213688e-03,8.804498355554909494e+01,5.222143145405809150e+01,0.000000000000000000e+00
-4.347488168452119488e-03,8.869406667200084371e+01,5.200100104472884510e+01,0.000000000000000000e+00
1.944895769455386864e-03,8.861054608828993651e+01,5.226752133298452918e+01,0.000000000000000000e+00
-3.943657198184418594e-02,8.865603665614315787e+01,5.200525679284776714e+01,0.000000000000000000e+00
-1.971096234745604338e-03,8.863385368992395286e+01,5.225799341770908057e+01,0.000000000000000000e+00
-1.582674127731398261e-02,8.864387498065067916e+01,5.220840059661890109e+01,0.000000000000000000e+00
-4.036940988503209121e-02,8.878284772655153745e+01,5.200823947502352951e+01,0.000000000000000000e+00
5.354474047203917203e-02,8.838651213425819719e+01,5.247927974215279789e+01,0.000000000000000000e+00
3.956955856274951833e-03,8.853771745475967236e+01,5.214635951382135204e+01,0.000000000000000000e+00
1.506678812611560343e-02,8.894054929672800824e+01,5.165109876837449576e+01,0.000000000000000000e+00
6.194603519775375433e-03,8.860821033224797816e+01,5.230833018075099261e+01,0.000000000000000000e+00
2.359676193113174891e-02,8.860792547848001277e+01,5.238301124439242784e+01,0.000000000000000000e+00
9.555769334147415231e-04,8.861809740904139687e+01,5.223436166861033314e+01,0.000000000000000000e+00
-1.547326907185585763e-02,8.862785856330752665e+01,5.215075045994553449e+01,0.000000000000000000e+00
-2.458001949857599715e-03,8.869538399690368635e+01,5.207408667210765429e+01,0.000000000000000000e+00
4.877535061527616886e-03,8.864289329730154066e+01,5.203348902544732368e+01,0.000000000000000000e+00
2.183354155046903031e-03,8.864164277343135723e+01,5.224652732228530994e+01,0.000000000000000000e+00
2.497541097397471335e-02,0.000000000000000000e+00,5.191672297578874407e+01,0.000000000000000000e+00
4.075987329205371830e-03,8.797211591634966510e+01,5.205316064879732352e+01,0.000000000000000000e+00
9.751322853667374405e-03,8.861334429441140514e+01,5.230980699921660459e+01,0.000000000000000000e+00
2.574993861979401472e-02,8.879164026700335910e+01,5.199679950189591437e+01,0.000000000000000000e+00
2.243260017292909511e-02,8.859000668300383552e+01,5.238419709346740660e+01,0.000000000000000000e+00
1.556645303621503364e-02,8.866542199807258839e+01,5.215015574404836229e+01,0.000000000000000000e+00
-6.344801472103932249e-02,8.867617156086730290e+01,5.195790048581679343e+01,0.000000000000000000e+00
3.461929620153087177e-03,8.860711671792110167e+01,5.233388961829668062e+01,0.000000000000000000e+00
1.105343230054029163e-03,8.821652535433911169e+01,5.226050898947630685e+01,0.000000000000000000e+00
5.666536359730107476e-03,8.861263564759734379e+01,5.224374672304109168e+01,0.000000000000000000e+00
-1.785313033908308283e-02,8.868638425234873068e+01,5.199929226666917259e+01,0.000000000000000000e+00
-4.970392423758549644e-02,8.872274584625550631e+01,5.182482789759748698e+01,0.000000000000000000e+00
-4.272736323239803569e-02,8.878733204375828336e+01,5.214862237005548451e+01,0.000000000000000000e+00
2.128170591837351411e-02,8.861324626826750261e+01,5.228237149181847343e+01,0.000000000000000000e+00
-3.462860184649713124e-02,8.868566680968034177e+01,5.203265670354682726e+01,0.000000000000000000e+00
6.854126796725990185e-03,8.851315535845357374e+01,5.225653714377621384e+01,0.000000000000000000e+00
1.812228433798705220e-03,8.861712955647699630e+01,5.210495868736767733e+01,0.000000000000000000e+00
-5.601002032878378729e-03,8.872779011056672971e+01,5.187107006413357624e+01,0.000000000000000000e+00
-1.302977646969308290e-02,8.896776078183410164e+01,5.148107952011189070e+01,0.000000000000000000e+00
9.405188506772462625e-03,8.864562830315422559e+01,5.227158393621583343e+01,0.000000000000000000e+00
5.299683159376961626e-03,8.795064115791667803e+01,5.193959496602727199e+01,0.000000000000000000e+00
-6.740458730542414276e-03,8.827732372910311653e+01,5.216256219650403381e+01,0.000000000000000000e+00
1.520464841998346410e-02,8.869992547121400150e+01,5.233545482012139871e+01,0.000000000000000000e+00
6.026498410859098404e-03,8.899682330868023428e+01,5.170939852427892447e+01,0.000000000000000000e+00
2.114217290170162730e-02,8.881250543816189236e+01,5.222364168823081343e+01,0.000000000000000000e+00
1.951995029007181151e-02,8.858635066414912274e+01,5.247171536039930118e+01,0.000000000000000000e+00
-6.742581774883613099e-03,8.863619521218079456e+01,5.208972749857846196e+01,0.000000000000000000e+00
-2.161527457909073052e-02,8.866271957632963563e+01,5.209010339665925926e+01,0.000000000000000000e+00
4.631908581197359022e-03,8.863057040821088606e+01,5.219400998926960966e+01,0.000000000000000000e+00
9.336892603326919522e-04,8.866276729634881804e+01,5.216508306218311475e+01,0.000000000000000000e+00
-1.396103009131861514e-02,8.870212862248685326e+01,5.199092943120604104e+01,0.000000000000000000e+00
6.954966943695969385e-03,8.861003137900068793e+01,5.220004391859359316e+01,0.000000000000000000e+00
-6.044986758795921518e-03,8.858759023987008163e+01,5.218692486527756103e+01,0.000000000000000000e+00
4.631908581197359022e-03,8.863057040821088606e+01,5.219400998926960966e+01,0.000000000000000000e+00
-4.216793282471439225e-02,8.859147351408593352e+01,5.189493820169217742e+01,0.000000000000000000e+00
7.318952364848144631e-04,8.898028683231123637e+01,5.163455367492817061e+01,0.000000000000000000e+00
-1.235819508084072538e-02,8.910853227110695229e+01,5.096642890474399223e+01,0.000000000000000000e+00
2.924777290191916002e-03,8.857429460025063861e+01,5.214931354853845136e+01,0.000000000000000000e+00
1.708639933788577356e-02,8.840795862314786291e+01,5.209599664108651496e+01,0.000000000000000000e+00
-9.983429691202800119e-03,8.896966249802065363e+01,5.164467788801390213e+01,0.000000000000000000e+00
-3.543100689195455982e-02,8.865052731371865491e+01,5.201169999433911073e+01,0.000000000000000000e+00
-4.263864755481637514e-02,8.863720328436897944e+01,5.198268651017380648e+01,0.000000000000000000e+00
1.715689468557241373e-02,8.850078905352036429e+01,5.238088659918193457e+01,0.000000000000000000e+00
1.047893070098122360e-02,8.860040879279328863e+01,5.225411814988562043e+01,0.000000000000000000e+00
-8.456019941546587607e-03,8.868948178861005260e+01,5.206261831513633354e+01,0.000000000000000000e+00
-1.362109664186596930e-02,8.870231190852015857e+01,5.208754110858723863e+01,0.000000000000000000e+00
1.332398403380666112e-02,8.868656742515331359e+01,5.216209340787756332e+01,0.000000000000000000e+00
-8.816051305143820030e-03,0.000000000000000000e+00,5.178482217130859766e+01,0.000000000000000000e+00
2.924777290191916002e-03,8.857429460025063861e+01,5.214931354853845136e+01,0.000000000000000000e+00
-9.867380974440306471e-03,8.869174330859888755e+01,5.207015938881716721e+01,0.000000000000000000e+00
1.047893070098122360e-02,8.860040879279328863e+01,5.225411814988562043e+01,0.000000000000000000e+00
3.293969293948667554e-02,8.862138440154355123e+01,5.225236509811472985e+01,0.000000000000000000e+00
2.122708417401949696e-02,8.862129628372890977e+01,5.218240697211572865e+01,0.000000000000000000e+00
-5.864821044488950814e-03,8.857656931675393253e+01,5.213275431258181669e+01,0.000000000000000000e+00
2.070455969656562634e-03,8.864614399806919209e+01,5.207735728536526665e+01,0.000000000000000000e+00
7.145489805158508102e-03,8.859876254973826804e+01,5.224803610403671428e+01,0.000000000000000000e+00
-4.263864755481637514e-02,8.863720328436897944e+01,5.198268651017380648e+01,0.000000000000000000e+00
2.070455969656562634e-03,8.864614399806919209e+01,5.207735728536526665e+01,0.000000000000000000e+00
7.241344179128190832e-03,8.863887324467789597e+01,5.216777063477095311e+01,0.000000000000000000e+00
3.645224842802721136e-03,8.865086823720234577e+01,5.213112394399277605e+01,0.000000000000000000e+00
-3.462860184649713124e-02,8.868566680968034177e+01,5.203265670354682726e+01,0.000000000000000000e+00
-1.851449905932892048e-02,8.865649925524121500e+01,5.202796454398924908e+01,0.000000000000000000e+00
-3.549445690207523544e-03,8.865809647522742409e+01,5.210868951676528127e+01,0.000000000000000000e+00
1.047893070098122360e-02,8.860040879279328863e+01,5.225411814988562043e+01,0.000000000000000000e+00
-2.867663478909948660e-02,8.864159044821846578e+01,5.198618041658115629e+01,0.000000000000000000e+00
-1.783037434468636969e-03,8.865227498465988276e+01,5.212912526645751399e+01,0.000000000000000000e+00
2.421589022280356759e-02,8.865966214749818164e+01,5.222511324110609365e+01,0.000000000000000000e+00
1.121261623715688951e-02,8.861098478161915182e+01,5.228044014467635492e+01,0.000000000000000000e+00
4.801838526862546759e-03,8.858999452896017601e+01,5.221754827134131460e+01,0.000000000000000000e+00
-8.196460590677270147e-03,8.861768229158307975e+01,5.208641055201547232e+01,0.000000000000000000e+00
-1.351699208995070511e-02,8.886979615266210430e+01,5.181043856868196684e+01,0.000000000000000000e+00
6.459524832725785370e-03,8.858556176737656074e+01,5.218971458603056846e+01,0.000000000000000000e+00
5.992827604763096639e-04,8.887725910379408845e+01,5.194932659086424565e+01,0.000000000000000000e+00
-3.462860184649713124e-02,8.868566680968034177e+01,5.203265670354682726e+01,0.000000000000000000e+00
3.081449065141050533e-03,8.866002714608447377e+01,5.218696527255188755e+01,0.000000000000000000e+00
4.513853189155761329e-03,0.000000000000000000e+00,5.162165108452072104e+01,0.000000000000000000e+00
1.236384315486410528e-02,8.780683478730327352e+01,5.214784763963493930e+01,0.000000000000000000e+00
1.467472357042987410e-02,0.000000000000000000e+00,5.195711941095504471e+01,0.000000000000000000e+00
6.486300571627551248e-02,8.853661242515289587e+01,5.260556784573438449e+01,0.000000000000000000e+00
-3.517218787541573962e-03,8.862363135076657272e+01,5.228819756412205777e+01,0.000000000000000000e+00
4.553557969174264197e-02,8.852825797352453208e+01,5.244962683208123622e+01,0.000000000000000000e+00
-3.201379389530968102e-03,8.861619494244301620e+01,5.223437035354051972e+01,0.000000000000000000e+00
1.115300147893189681e-02,8.875771612839844238e+01,5.223065819036298763e+01,0.000000000000000000e+00
-9.718751344003781489e-03,8.861067609134285306e+01,5.221204141246374775e+01,0.000000000000000000e+00
-9.718751344003781489e-03,8.861067609134285306e+01,5.221204141246374775e+01,0.000000000000000000e+00
1.808168111457521265e-02,8.859416905021751631e+01,5.240532218864956349e+01,0.000000000000000000e+00
2.005246610078806075e-03,0.000000000000000000e+00,5.169278250957496113e+01,0.000000000000000000e+00
-4.589962629463730653e-02,0.000000000000000000e+00,5.163699002331809851e+01,0.000000000000000000e+00
-2.964755017018140884e-02,8.879392273303270144e+01,5.190868203311431017e+01,0.000000000000000000e+00
-2.992327260326241994e-02,8.865406294084370131e+01,5.211335118380461751e+01,0.000000000000000000e+00
3.365256538293649041e-02,8.853915755205497362e+01,5.254588046330795237e+01,0.000000000000000000e+00
1.390672961410157130e-02,8.860486237805538678e+01,5.234200540999765394e+01,0.000000000000000000e+00
-3.201379389530968102e-03,8.861619494244301620e+01,5.223437035354051972e+01,0.000000000000000000e+00
-5.894064753907235499e-02,8.863464752550019909e+01,5.197213399256706623e+01,0.000000000000000000e+00
-2.992327260326241994e-02,8.865406294084370131e+01,5.211335118380461751e+01,0.000000000000000000e+00
-5.768988940627820493e-03,8.854179564823360238e+01,5.218008401481819192e+01,0.000000000000000000e+00
3.174352747584723716e-02,8.856826148889295780e+01,5.223803881645024205e+01,0.000000000000000000e+00
2.737732662902878956e-03,8.902547897733431626e+01,5.163578204144984340e+01,0.000000000000000000e+00
-5.557645232875588551e-03,8.858269994027099870e+01,5.229568282570213711e+01,0.000000000000000000e+00
-9.718751344003781489e-03,8.861067609134285306e+01,5.221204141246374775e+01,0.000000000000000000e+00
5.086266729027569961e-02,8.854594129151170989e+01,5.254735139350843554e+01,0.000000000000000000e+00
3.168223156791396405e-02,8.856497592198140012e+01,5.242830289697550228e+01,0.000000000000000000e+00
3.001829706950576160e-02,0.000000000000000000e+00,5.206191989376264218e+01,0.000000000000000000e+00
5.651964273548553373e-03,8.861658603082678098e+01,5.214981307336010730e+01,0.000000000000000000e+00
-7.780904185468348611e-02,8.868177733659109663e+01,5.204715554205924377e+01,0.000000000000000000e+00
1.207089011853173036e-02,8.859288080140639465e+01,5.231315498521232144e+01,0.000000000000000000e+00
-2.505342012459317244e-02,8.863435621414596710e+01,5.218379372996687238e+01,0.000000000000000000e+00
-6.894791783823766900e-04,8.884638310952766460e+01,5.238475259160678377e+01,0.000000000000000000e+00
3.937415483406189048e-02,8.851679623288796961e+01,5.245294972476578721e+01,0.000000000000000000e+00
4.168942801666842418e-02,8.850425971386218293e+01,5.241041510597894160e+01,0.000000000000000000e+00
1.916688199108732352e-02,8.803511021028114669e+01,5.213252158329113684e+01,0.000000000000000000e+00
3.166381325243244199e-02,8.869802885283901617e+01,5.208099299994120912e+01,0.000000000000000000e+00
-2.887026497920044607e-02,8.861532061687623241e+01,5.214232841815909580e+01,0.000000000000000000e+00
-2.930907014854275058e-02,8.896141579706704761e+01,5.172293431761062976e+01,0.000000000000000000e+00
-2.928627725203604079e-02,8.882584336327384733e+01,5.201009773864706176e+01,0.000000000000000000e+00
9.525983951313668485e-03,8.859217749663255859e+01,5.234210217010915756e+01,0.000000000000000000e+00
5.651964273548553373e-03,8.861658603082678098e+01,5.214981307336010730e+01,0.000000000000000000e+00
1.347676782099809477e-02,8.848342525746630827e+01,5.237337976310546139e+01,0.000000000000000000e+00
-3.629538853714724643e-03,8.863766987658628693e+01,5.219517855701568010e+01,0.000000000000000000e+00
1.163351601817987427e-02,8.860277630503408375e+01,5.237578471125573287e+01,0.000000000000000000e+00
-3.201379389530968102e-03,8.861619494244301620e+01,5.223437035354051972e+01,0.000000000000000000e+00
8.435846409747939367e-02,8.851336053991848019e+01,5.265603474766665215e+01,0.000000000000000000e+00
3.365256538293649041e-02,8.853915755205497362e+01,5.254588046330795237e+01,0.000000000000000000e+00
4.168942801666842418e-02,8.850425971386218293e+01,5.241041510597894160e+01,0.000000000000000000e+00
4.365399463422427878e-02,8.853183278527431810e+01,5.243631329962731513e+01,0.000000000000000000e+00
5.715296993932409385e-03,8.858379091083692458e+01,5.238812926829436378e+01,0.000000000000000000e+00
-2.885549405907882406e-02,8.904344716513256230e+01,5.139705248064346677e+01,0.000000000000000000e+00
-2.598270936821482115e-03,8.875270173458099521e+01,5.247635487437439394e+01,0.000000000000000000e+00
-5.137147532007237116e-02,8.864638224269735645e+01,5.210399138117490736e+01,0.000000000000000000e+00
9.525983951313668485e-03,8.859217749663255859e+01,5.234210217010915756e+01,0.000000000000000000e+00
8.749884740236706440e-03,8.861321326251646724e+01,5.235106456831572785e+01,0.000000000000000000e+00
3.142965808236406616e-02,8.858546660301354336e+01,5.233884779143392052e+01,0.000000000000000000e+00
-8.288879677670303592e-02,8.868547881361820373e+01,5.190865840651962770e+01,0.000000000000000000e+00
-3.995611618441517222e-03,0.000000000000000000e+00,5.166327569995566193e+01,0.000000000000000000e+00
6.486300571627551248e-02,8.853661242515289587e+01,5.260556784573438449e+01,0.000000000000000000e+00
6.600841050902830215e-03,8.862683079860424584e+01,5.223266630884481287e+01,0.000000000000000000e+00
1.046980701305324710e-02,8.859238902409417449e+01,5.226381707506968155e+01,0.000000000000000000e+00
-2.834807655830601236e-02,8.841622217693985419e+01,5.212053504418251748e+01,0.000000000000000000e+00
-5.384308887359998824e-03,8.826534742600297534e+01,5.227356651231988849e+01,0.000000000000000000e+00
5.651964273548553373e-03,8.861658603082678098e+01,5.214981307336010730e+01,0.000000000000000000e+00
-6.261009717710673550e-03,0.000000000000000000e+00,5.195102590300089673e+01,0.000000000000000000e+00
-5.137147532007237116e-02,8.864638224269735645e+01,5.210399138117490736e+01,0.000000000000000000e+00
8.313036818436540104e-03,8.859168660940146367e+01,5.233536814734084430e+01,0.000000000000000000e+00
3.168223156791396405e-02,8.856497592198140012e+01,5.242830289697550228e+01,0.000000000000000000e+00
-3.108604777093544949e-03,8.837307374096477020e+01,5.201162609608465459e+01,0.000000000000000000e+00
7.575064720310981103e-02,0.000000000000000000e+00,5.223311302570061798e+01,0.000000000000000000e+00
2.792902444729526701e-02,8.854972244074923537e+01,5.233232457310479901e+01,0.000000000000000000e+00
-2.509072261251328595e-02,8.864766329237313869e+01,5.204071864175919870e+01,0.000000000000000000e+00
1.792672695511877273e-02,8.809004444194002303e+01,5.211897321767460056e+01,0.000000000000000000e+00
-1.705713729770744203e-02,8.870617279346464557e+01,5.206299877656051223e+01,0.000000000000000000e+00
2.650656829885930307e-03,8.863727660700942579e+01,5.219390629931838532e+01,0.000000000000000000e+00
9.134036029355108513e-03,8.863293215166639527e+01,5.209665205323109660e+01,0.000000000000000000e+00
2.164928935464649311e-03,8.851692573637502903e+01,5.240663140848614177e+01,0.000000000000000000e+00
-2.756207408553799400e-03,8.865529179038702523e+01,5.212958592488262610e+01,0.000000000000000000e+00
4.380838562548084033e-04,8.894165167583373943e+01,5.174644693744640023e+01,0.000000000000000000e+00
-2.133715164179319503e-04,8.858950501740807226e+01,5.227139133130204840e+01,0.000000000000000000e+00
-7.291780015823708105e-03,8.859072168521558410e+01,5.225695237866432308e+01,0.000000000000000000e+00
9.565478386466481952e-04,8.864441293861730742e+01,5.220037506275566130e+01,0.000000000000000000e+00
-2.310164011317317710e-03,8.867087961325651690e+01,5.216831995852717796e+01,0.000000000000000000e+00
-4.299204810865588089e-02,8.865994641680561017e+01,5.204077519072615843e+01,0.000000000000000000e+00
-4.299204810865588089e-02,8.865994641680561017e+01,5.204077519072615843e+01,0.000000000000000000e+00
-1.724252465144060498e-02,8.905747130439608839e+01,5.136264342879420042e+01,0.000000000000000000e+00
-8.180753814035358895e-03,8.823464293482759047e+01,5.197412176166525910e+01,0.000000000000000000e+00
1.690892162634138884e-02,8.865082896941500223e+01,5.214483569596021084e+01,0.000000000000000000e+00
8.843438478055153096e-03,8.897080654320326687e+01,5.153439768579371361e+01,0.000000000000000000e+00
1.043872692239415471e-02,8.860076572899994574e+01,5.223184928932116833e+01,0.000000000000000000e+00
1.009474053179703484e-02,8.864781451244620314e+01,5.218734316446013111e+01,0.000000000000000000e+00
2.690061948935035599e-02,8.886753759772447836e+01,5.211234998091956783e+01,0.000000000000000000e+00
1.815072721272352864e-03,8.899132271557003548e+01,5.185604935877348964e+01,0.000000000000000000e+00
1.819354201144128200e-02,8.860158552475691351e+01,5.232057488057812833e+01,0.000000000000000000e+00
4.787788736519726571e-03,8.861029412252599968e+01,5.223571061193886322e+01,0.000000000000000000e+00
-4.737813434125470735e-02,8.874756530113006647e+01,5.216374789270580692e+01,0.000000000000000000e+00
-7.931203223518619796e-03,0.000000000000000000e+00,5.190630120228786382e+01,0.000000000000000000e+00
6.369419871295879491e-03,8.865343680337684873e+01,5.217538303162966429e+01,0.000000000000000000e+00
-3.976436339739192888e-02,8.866415068781545017e+01,5.217209984803750444e+01,0.000000000000000000e+00
-7.403766087659267858e-03,8.819144132789107005e+01,5.212256277963543738e+01,0.000000000000000000e+00
-2.921648792587325238e-02,8.873401507867306748e+01,5.201022976058432334e+01,0.000000000000000000e+00
-4.626886424378606755e-02,8.888197836543901076e+01,5.196151746239369373e+01,0.000000000000000000e+00
-4.112184735016849967e-03,8.897808095711067722e+01,5.156561109822769140e+01,0.000000000000000000e+00
1.156732936947083533e-02,8.798485646871863253e+01,5.210930145396923763e+01,0.000000000000000000e+00
-4.798985339549612095e-02,8.830201434336662203e+01,5.197150919206599440e+01,0.000000000000000000e+00
8.684382230645553910e-03,8.894617589147730996e+01,5.168121013902737104e+01,0.000000000000000000e+00
6.045452582673933178e-03,8.882889235818846885e+01,5.199571113634984698e+01,0.000000000000000000e+00
9.134036029355108513e-03,8.863293215166639527e+01,5.209665205323109660e+01,0.000000000000000000e+00
-2.509072261251328595e-02,8.864766329237313869e+01,5.204071864175919870e+01,0.000000000000000000e+00
-4.534594185146195722e-02,8.865991277202600429e+01,5.195103421822280865e+01,0.000000000000000000e+00
-8.557634065711144586e-03,8.863488236933568487e+01,5.213334724607098281e+01,0.000000000000000000e+00
-4.534594185146195722e-02,8.865991277202600429e+01,5.195103421822280865e+01,0.000000000000000000e+00
1.787300878071656357e-02,8.883623778460582798e+01,5.206160667280762766e+01,0.000000000000000000e+00
2.270444926595845993e-03,8.865679448761176218e+01,5.215529922062046353e+01,0.000000000000000000e+00
-2.904901022603659580e-02,8.862323736093868831e+01,5.209513204945245946e+01,0.000000000000000000e+00
-4.134581585538733145e-02,0.000000000000000000e+00,5.172318439330866369e+01,0.000000000000000000e+00
1.161653836403403646e-02,8.887372538871889560e+01,5.171553027900552024e+01,0.000000000000000000e+00
-4.534594185146195722e-02,8.865991277202600429e+01,5.195103421822280865e+01,0.000000000000000000e+00
-9.533368133461917263e-03,8.863535118927096335e+01,5.217449153045227206e+01,0.000000000000000000e+00
-9.845792645167154855e-03,8.865178250484096623e+01,5.221242667176433372e+01,0.000000000000000000e+00
7.518341723380309212e-03,8.766878863361179697e+01,5.198546053692456326e+01,0.000000000000000000e+00
1.690892162634138884e-02,8.865082896941500223e+01,5.214483569596021084e+01,0.000000000000000000e+00
9.134036029355108513e-03,8.863293215166639527e+01,5.209665205323109660e+01,0.000000000000000000e+00
9.691511954896909684e-03,8.860952342904963075e+01,5.220504277110164537e+01,0.000000000000000000e+00
1.780567183421993827e-02,8.865945064697875466e+01,5.217875765913576203e+01,0.000000000000000000e+00
-5.466201979083767579e-03,8.866769446662323162e+01,5.210673665652956288e+01,0.000000000000000000e+00
-1.974960414191389191e-04,8.865226167909010258e+01,5.210768733254691654e+01,0.000000000000000000e+00
1.733369974937030294e-02,0.000000000000000000e+00,5.197878790375437319e+01,0.000000000000000000e+00
2.650656829885930307e-03,8.863727660700942579e+01,5.219390629931838532e+01,0.000000000000000000e+00
-2.904901022603659580e-02,8.862323736093868831e+01,5.209513204945245946e+01,0.000000000000000000e+00
9.691511954896909684e-03,8.860952342904963075e+01,5.220504277110164537e+01,0.000000000000000000e+00
2.792902444729526701e-02,8.854972244074923537e+01,5.233232457310479901e+01,0.000000000000000000e+00
5.593107859443173686e-03,8.876329309905686671e+01,5.203894612846895029e+01,0.000000000000000000e+00
-6.275591557718824751e-03,8.907762416194401567e+01,5.125137004880778591e+01,0.000000000000000000e+00
8.339793097008203412e-03,8.862540787481380278e+01,5.223448123049166014e+01,0.000000000000000000e+00
9.151952421552750697e-03,8.898393559796872410e+01,5.150042737213458111e+01,0.000000000000000000e+00
-6.247285255790799123e-03,8.867089754911170019e+01,5.218519964993559768e+01,0.000000000000000000e+00
-3.607278952834871988e-03,0.000000000000000000e+00,5.184283666092886733e+01,0.000000000000000000e+00
4.787788736519726571e-03,8.861029412252599968e+01,5.223571061193886322e+01,0.000000000000000000e+00
-2.439901900403977468e-03,8.903177953444053117e+01,5.154399602543926306e+01,0.000000000000000000e+00
9.537502408121484310e-03,8.890002489974948219e+01,5.195332265295006380e+01,0.000000000000000000e+00
2.395588047722306546e-02,8.858247645050764163e+01,5.230919827654426513e+01,0.000000000000000000e+00
-4.187735236295653252e-02,0.000000000000000000e+00,5.140133325006242870e+01,0.000000000000000000e+00
-4.323550037137334663e-03,8.836842999418830402e+01,5.207887211747095080e+01,0.000000000000000000e+00
5.582431394773632949e-04,8.862847255028130178e+01,5.219698634348731048e+01,0.000000000000000000e+00
-5.356023922619614942e-03,8.862048376889454460e+01,5.223622822772006202e+01,0.000000000000000000e+00
