2.031936775892972946e-03,5.375786878728830231e+01,5.027706258976419873e-01,9.973811494720677961e-01,1.000000000000000000e+00
2.252415288239717484e-03,5.283166683116973417e+01,4.692474123832330868e-01,9.862286524721955994e-01,1.000000000000000000e+00
2.090739784762263298e-03,5.349550673409816426e+01,4.848833052538317756e-01,9.920493584629218597e-01,1.000000000000000000e+00
2.425709040835499763e-03,5.219649478448322100e+01,4.569517304739674768e-01,9.871560496613686064e-01,1.000000000000000000e+00
2.306154929101467133e-03,5.267053778206482662e+01,4.657782137197202244e-01,9.914407157475099153e-01,1.000000000000000000e+00
1.815872383303940296e-03,5.473612777568610710e+01,4.984130778049598587e-01,9.978913288936862580e-01,1.000000000000000000e+00
1.956329680979251862e-03,5.409288647052777321e+01,4.966934733975967853e-01,9.976957125571773721e-01,1.000000000000000000e+00
2.207652432844042778e-03,5.304895255149411781e+01,4.780574312534291437e-01,9.931552414173702159e-01,1.000000000000000000e+00
2.025013323873281479e-03,5.382397212798658614e+01,4.735756530390251573e-01,9.971779401801047493e-01,1.000000000000000000e+00
2.234487794339656830e-03,5.293804665221733785e+01,4.766259967370511386e-01,9.904518961406650890e-01,1.000000000000000000e+00
1.928769866935908794e-03,5.420029591026424498e+01,4.941203320135171828e-01,9.939258412454302638e-01,1.000000000000000000e+00
2.189259743317961693e-03,5.312267448496299949e+01,4.783181386557570636e-01,9.921243344713498447e-01,1.000000000000000000e+00
2.053852193057537079e-03,5.367071198492255490e+01,4.884888504252415942e-01,9.942625458883292966e-01,1.000000000000000000e+00
1.790923997759819031e-03,5.488651531335018774e+01,4.963123344045197172e-01,9.978040410704314134e-01,1.000000000000000000e+00
2.087421715259552002e-03,5.351669280840289389e+01,4.961305447143235514e-01,9.942003522849617303e-01,1.000000000000000000e+00
2.011433709412813187e-03,5.383817460022171275e+01,4.963008423681650183e-01,9.942760539646616769e-01,1.000000000000000000e+00
1.916103530675172806e-03,5.427139442897114208e+01,4.950128044641350367e-01,9.940569900261820857e-01,1.000000000000000000e+00
1.787100336514413357e-03,5.488688919989290582e+01,4.971482452566235444e-01,9.978226896216696451e-01,1.000000000000000000e+00
2.396791474893689156e-03,5.229767331353100701e+01,4.685192305249835099e-01,9.863672154243899870e-01,1.000000000000000000e+00
2.364582149311900139e-03,5.243873154220297295e+01,4.727054698606838468e-01,9.890890784157174709e-01,1.000000000000000000e+00
2.015632810071110725e-03,5.383777358187863626e+01,4.941328093275187960e-01,9.976859831703853709e-01,1.000000000000000000e+00
2.210606588050723076e-03,5.302600343780564174e+01,4.656002351476072332e-01,9.906517437937724102e-01,1.000000000000000000e+00
2.062125829979777336e-03,5.361842944135284483e+01,4.905241822887853043e-01,9.939987266812879696e-01,1.000000000000000000e+00
2.050267299637198448e-03,5.366894931998616158e+01,4.872850663394553972e-01,9.935446249710642164e-01,1.000000000000000000e+00
1.929153222590684891e-03,5.419371099520328983e+01,4.893097797873280363e-01,9.979237456205108936e-01,1.000000000000000000e+00
2.050905721262097359e-03,5.367499716219356287e+01,4.896264553766848659e-01,9.922249738350709114e-01,1.000000000000000000e+00
1.865073689259588718e-03,5.451228443262159828e+01,4.802004244070975925e-01,9.978170080542264619e-01,1.000000000000000000e+00
2.047869144007563591e-03,5.369882530273184784e+01,4.848509227840469005e-01,9.974363980911663541e-01,1.000000000000000000e+00
1.820080447942018509e-03,5.472995375864709189e+01,4.967308678542439182e-01,9.980211448614296765e-01,1.000000000000000000e+00
1.848001847974956036e-03,5.458032211226861818e+01,4.974160375421314839e-01,9.950426284653088871e-01,1.000000000000000000e+00
2.273944905027747154e-03,5.277629337865208470e+01,4.864762818442270320e-01,9.937222217814326575e-01,1.000000000000000000e+00
2.089156536385416985e-03,5.350707125884124338e+01,4.841535126507403031e-01,9.931229348139942736e-01,1.000000000000000000e+00
2.001981716603040695e-03,5.389835162738577878e+01,4.940083506971488236e-01,9.976325188391763632e-01,1.000000000000000000e+00
1.967093208804726601e-03,5.404656787331339274e+01,4.838755301800357067e-01,9.976604221410524387e-01,1.000000000000000000e+00
2.180540235713124275e-03,5.315214698774880731e+01,4.822312177649095144e-01,9.922921310462499145e-01,1.000000000000000000e+00
2.194151049479842186e-03,5.309579903946675472e+01,4.794337717068961058e-01,9.925875089006868102e-01,1.000000000000000000e+00
2.000429900363087654e-03,5.388475479093598608e+01,4.915501454471848386e-01,9.942970477766989168e-01,1.000000000000000000e+00
2.303389599546790123e-03,5.265412455526872293e+01,4.755423822522524824e-01,9.917043206330476979e-01,1.000000000000000000e+00
1.886573969386518002e-03,5.442854435771057098e+01,4.909216640549545763e-01,9.976066431105817811e-01,1.000000000000000000e+00
2.501086099073290825e-03,5.193778335633651011e+01,4.670338999171497751e-01,9.846946654284775002e-01,1.000000000000000000e+00
1.854305737651884556e-03,5.455338589325928922e+01,4.946484290691532948e-01,9.935102439876976055e-01,1.000000000000000000e+00
1.874271780252456665e-03,5.444469499665355983e+01,4.926699945527592828e-01,9.946685127642093116e-01,1.000000000000000000e+00
2.301920438185334206e-03,5.266845975320545392e+01,4.701607449137721328e-01,9.915397251845372573e-01,1.000000000000000000e+00
1.846512663178145885e-03,5.460249218950811212e+01,4.932289629257144981e-01,9.979025700763414219e-01,1.000000000000000000e+00
2.181369811296463013e-03,5.314067142990288772e+01,4.847794761136246522e-01,9.922576098797774025e-01,1.000000000000000000e+00
1.970260636880993843e-03,5.402540612493308458e+01,5.004458222661256617e-01,9.944649935150576825e-01,1.000000000000000000e+00
1.848381129093468189e-03,5.459208082829024988e+01,4.969950324767674066e-01,9.978091613472219734e-01,1.000000000000000000e+00
2.061412204056978226e-03,5.363850567409010495e+01,4.883830703965121867e-01,9.914903673170138987e-01,1.000000000000000000e+00
2.332116942852735519e-03,5.258321641980619177e+01,4.830559416855839117e-01,9.967929850262700064e-01,1.000000000000000000e+00
2.053824951872229576e-03,5.367115514743788651e+01,4.982516058353203547e-01,9.972930177469394586e-01,1.000000000000000000e+00
2.232251688838005066e-03,5.293564353223644048e+01,4.842099499707891996e-01,9.915490741521839624e-01,1.000000000000000000e+00
2.183224773034453392e-03,5.313085554566927726e+01,4.873013427615080495e-01,9.913546198807786647e-01,1.000000000000000000e+00
2.233137609437108040e-03,5.293766716801569316e+01,4.694369459143947765e-01,9.919325510112310118e-01,1.000000000000000000e+00
2.353155519813299179e-03,5.247496998744261987e+01,4.775783645204977890e-01,9.910203363016538702e-01,1.000000000000000000e+00
2.018671249970793724e-03,5.382967458725111243e+01,4.974265006773935238e-01,9.938614073906165691e-01,1.000000000000000000e+00
2.294969279319047928e-03,5.267966298431816341e+01,4.950160957388029526e-01,9.903303011012520862e-01,1.000000000000000000e+00
2.203365089371800423e-03,5.309224408212108415e+01,4.660098554801133663e-01,9.959843955075101674e-01,1.000000000000000000e+00
2.517452696338295937e-03,5.190321301775821894e+01,4.735706479515176537e-01,9.907155209827408493e-01,1.000000000000000000e+00
2.056339057162404060e-03,5.367835628976042273e+01,4.768856787391105301e-01,9.968607917350839065e-01,1.000000000000000000e+00
1.891991239972412586e-03,5.439480921462103424e+01,4.842331884673686804e-01,9.976924687395903879e-01,1.000000000000000000e+00
1.826760242693126202e-03,5.470056909402869394e+01,5.006996090383880604e-01,9.979573429020659470e-01,1.000000000000000000e+00
2.137335250154137611e-03,5.330836912177042564e+01,4.852207845700832745e-01,9.933899685231407650e-01,1.000000000000000000e+00
1.928392797708511353e-03,5.423199233893936366e+01,5.018224661348517079e-01,9.938605916744944757e-01,1.000000000000000000e+00
1.953718019649386406e-03,5.410051372812461068e+01,4.932401721932446748e-01,9.974830380396850771e-01,1.000000000000000000e+00
2.132977126166224480e-03,5.333873420353071992e+01,4.881009424615115333e-01,9.929171609407386745e-01,1.000000000000000000e+00
2.038263017311692238e-03,5.374458738418162795e+01,5.014849039760579386e-01,9.934008133832993304e-01,1.000000000000000000e+00
2.270957687869668007e-03,5.277493825196614097e+01,4.790912142911881166e-01,9.890482186062174996e-01,1.000000000000000000e+00
1.971365185454487801e-03,5.402803797327849367e+01,4.964667072117223134e-01,9.935471022303179467e-01,1.000000000000000000e+00
1.902338466607034206e-03,5.431277045667692249e+01,4.859066065863719142e-01,9.937452846972529841e-01,1.000000000000000000e+00
1.736995647661387920e-03,5.513939248568233609e+01,4.998160201051504714e-01,9.980108515789761769e-01,1.000000000000000000e+00
2.495547523722052574e-03,5.197425728286366109e+01,4.564528481061793652e-01,9.895471509590354486e-01,1.000000000000000000e+00
1.894423738121986389e-03,5.439236350478210369e+01,4.963597570546560700e-01,9.977914577996180867e-01,1.000000000000000000e+00
1.961487578228116035e-03,5.408142128624164258e+01,4.907716109835227880e-01,9.972580276562293955e-01,1.000000000000000000e+00
2.027117880061268806e-03,5.378934989706230141e+01,4.950956620418294207e-01,9.930910615977451839e-01,1.000000000000000000e+00
1.833915710449218750e-03,5.466412825735883274e+01,4.972112436009714642e-01,9.976701643744269044e-01,1.000000000000000000e+00
2.113792346790432930e-03,5.339641240511277687e+01,4.992342598974655599e-01,9.902059036853657625e-01,1.000000000000000000e+00
2.368791960179805756e-03,5.241784021069801724e+01,4.806936974167181909e-01,9.928540785322029771e-01,1.000000000000000000e+00
2.072759205475449562e-03,5.360099997286820184e+01,4.884830473989314470e-01,9.970509375973044541e-01,1.000000000000000000e+00
2.079779049381613731e-03,5.354492500414008305e+01,4.864627787269288350e-01,9.907065053210312167e-01,1.000000000000000000e+00
1.833912800066173077e-03,5.464699409416745368e+01,4.981824450758574052e-01,9.945916200844644450e-01,1.000000000000000000e+00
2.287935698404908180e-03,5.272149033846740451e+01,4.849677664781784081e-01,9.899286562945665002e-01,1.000000000000000000e+00
2.172693843021988869e-03,5.317797552460984178e+01,4.775678524068454056e-01,9.934155577860153130e-01,1.000000000000000000e+00
2.284448826685547829e-03,5.273904502932774108e+01,4.736025790409364444e-01,9.915863455840573382e-01,1.000000000000000000e+00
2.104523591697216034e-03,5.346422738359851223e+01,4.951504213329411819e-01,9.971192128033381508e-01,1.000000000000000000e+00
1.872009248472750187e-03,5.449932356828594493e+01,4.883424930780977946e-01,9.978437276636027420e-01,1.000000000000000000e+00
1.923718838952481747e-03,5.422598217080972915e+01,4.920445108404056245e-01,9.976207962350716052e-01,1.000000000000000000e+00
2.245039213448762894e-03,5.288154291190093659e+01,4.775180738775919864e-01,9.905319029894600336e-01,1.000000000000000000e+00
2.037051366642117500e-03,5.374385991247300609e+01,4.860769279047846836e-01,9.933294110111915431e-01,1.000000000000000000e+00
2.039750572293996811e-03,5.372674402024416906e+01,4.861326039113822439e-01,9.974471447360578891e-01,1.000000000000000000e+00
2.207916695624589920e-03,5.301684128622290615e+01,4.733996008661963129e-01,9.885641687044021131e-01,1.000000000000000000e+00
2.059846185147762299e-03,5.366309683248161377e+01,4.872972822758276368e-01,9.970614221526162835e-01,1.000000000000000000e+00
1.847235485911369324e-03,5.460061522427567127e+01,4.922924651860409173e-01,9.978929599143087081e-01,1.000000000000000000e+00
2.013320336118340492e-03,5.381528451827406911e+01,4.885591130274395399e-01,9.940311196225649626e-01,1.000000000000000000e+00
1.966413576155900955e-03,5.404473338257599835e+01,4.899658875948652015e-01,9.942111571307529205e-01,1.000000000000000000e+00
2.239427529275417328e-03,5.292136859346531708e+01,4.807606047676695193e-01,9.924543060456691990e-01,1.000000000000000000e+00
2.265996998175978661e-03,5.281813497837718074e+01,4.884961699103940180e-01,9.918521966083447827e-01,1.000000000000000000e+00
2.090648515149950981e-03,5.350536447280978791e+01,5.014864196588297851e-01,9.936997922951090745e-01,1.000000000000000000e+00
2.044041873887181282e-03,5.369472411566287917e+01,4.898939632131638078e-01,9.910525394638699526e-01,1.000000000000000000e+00
2.240678528323769569e-03,5.288656878257035032e+01,4.793331607833797858e-01,9.898995092738337442e-01,1.000000000000000000e+00
2.114475239068269730e-03,5.340292167483566743e+01,4.867179556400908491e-01,9.922370079879158089e-01,1.000000000000000000e+00
2.058880170807242393e-03,5.364613724829983710e+01,4.916476402949764846e-01,9.936470409527172754e-01,1.000000000000000000e+00
1.993263605982065201e-03,5.393691079717299885e+01,4.857327574686550187e-01,9.928539423246612872e-01,1.000000000000000000e+00
2.162365010008215904e-03,5.320685186543927614e+01,4.763163575045350484e-01,9.919579131531776062e-01,1.000000000000000000e+00
1.961056375876069069e-03,5.410805940889527932e+01,4.827135057628278436e-01,9.970684469715029863e-01,1.000000000000000000e+00
1.885770703665912151e-03,5.442040074431274377e+01,4.971082844979763382e-01,9.929212369165218988e-01,1.000000000000000000e+00
1.957296859472990036e-03,5.410145940057373082e+01,4.843217820569086229e-01,9.973261597947339352e-01,1.000000000000000000e+00
1.973374979570508003e-03,5.403126785679782529e+01,4.843691923628406504e-01,9.936408597251812358e-01,1.000000000000000000e+00
1.886139041744172573e-03,5.442294802989337654e+01,4.887303114251437819e-01,9.976271757194700163e-01,1.000000000000000000e+00
2.100603654980659485e-03,5.348734588565495329e+01,4.818988706289816792e-01,9.929512872240161547e-01,1.000000000000000000e+00
1.906527671962976456e-03,5.431372691117491058e+01,4.955543101781034743e-01,9.940928163516096205e-01,1.000000000000000000e+00
2.060609636828303337e-03,5.364543841382202061e+01,4.918478968027355513e-01,9.935576983688783059e-01,1.000000000000000000e+00
2.011323580518364906e-03,5.384397203019580758e+01,4.971702300803037544e-01,9.938583033899521801e-01,1.000000000000000000e+00
2.038828097283840179e-03,5.374528735019993775e+01,4.942813408170904643e-01,9.973490585997529800e-01,1.000000000000000000e+00
1.896359957754611969e-03,5.437156172572744595e+01,4.892391253406210283e-01,9.977203195636064059e-01,1.000000000000000000e+00
2.047538990154862404e-03,5.369079803279561958e+01,4.833268360365780558e-01,9.938877583221077394e-01,1.000000000000000000e+00
2.012402983382344246e-03,5.382279294736601827e+01,4.845626019421154784e-01,9.937806455226482205e-01,1.000000000000000000e+00
2.167952712625265121e-03,5.318054166576256847e+01,4.934179522092203563e-01,9.931230805570661069e-01,1.000000000000000000e+00
1.952644903212785721e-03,5.412053430828574108e+01,4.867805205945647806e-01,9.976704460144967257e-01,1.000000000000000000e+00
2.146539278328418732e-03,5.328290286123733210e+01,4.831005131504080841e-01,9.969566975011998622e-01,1.000000000000000000e+00
1.946802600286900997e-03,5.414039404097242425e+01,5.006647391878912279e-01,9.935177850776303332e-01,1.000000000000000000e+00
2.168032340705394745e-03,5.318027228679268603e+01,4.765441901522370904e-01,9.934360269205124716e-01,1.000000000000000000e+00
1.991444732993841171e-03,5.392610387991965837e+01,4.913201795333604349e-01,9.975087045657118345e-01,1.000000000000000000e+00
2.283306326717138290e-03,5.275435911125484267e+01,4.738048970470154497e-01,9.928713552227984573e-01,1.000000000000000000e+00
2.001021290197968483e-03,5.388709217187862777e+01,4.888565137381434833e-01,9.974588648088297260e-01,1.000000000000000000e+00
2.088282490149140358e-03,5.352404241879848712e+01,4.901891411872998927e-01,9.971354205776568058e-01,1.000000000000000000e+00
2.289258176460862160e-03,5.271605707587632850e+01,4.672407263129161881e-01,9.890126054233765451e-01,1.000000000000000000e+00
2.175368834286928177e-03,5.317819226135371480e+01,4.938974700135400631e-01,9.971161656109277516e-01,1.000000000000000000e+00
2.107273787260055542e-03,5.345515981503172043e+01,4.883484689157276404e-01,9.932858960631764100e-01,1.000000000000000000e+00
1.880363561213016510e-03,5.441942927963247456e+01,4.981729336751556936e-01,9.946589921910020671e-01,1.000000000000000000e+00
1.878298353403806686e-03,5.445370685620528661e+01,4.907527046656114944e-01,9.976667543470124633e-01,1.000000000000000000e+00
2.117181429639458656e-03,5.338355202339897687e+01,4.950520791914974073e-01,9.916277367825944156e-01,1.000000000000000000e+00
1.941506750881671906e-03,5.415990170418397298e+01,4.925390208651775903e-01,9.976320430807668060e-01,1.000000000000000000e+00
2.078064018860459328e-03,5.356003976256063481e+01,4.901403136637195179e-01,9.973453614103305886e-01,1.000000000000000000e+00
2.164291450753808022e-03,5.318864261997227061e+01,4.920315419719910044e-01,9.971858585266714092e-01,1.000000000000000000e+00
1.929479534737765789e-03,5.419958838497183962e+01,4.803120528027995384e-01,9.944864131011944552e-01,1.000000000000000000e+00
1.977391773834824562e-03,5.399932300359203907e+01,4.928469940742496447e-01,9.942703468185585258e-01,1.000000000000000000e+00
2.425045473501086235e-03,5.219057994158789882e+01,4.791494098937418844e-01,9.876901945401280747e-01,1.000000000000000000e+00
2.473712665960192680e-03,5.205176690763104830e+01,4.714292680259591362e-01,9.895284585761805474e-01,1.000000000000000000e+00
1.880742027424275875e-03,5.444426390876123634e+01,4.912215502945336265e-01,9.975925497084289217e-01,1.000000000000000000e+00
2.529654419049620628e-03,5.184459609263996782e+01,4.692557950909486131e-01,9.878459300353892303e-01,1.000000000000000000e+00
2.000366104766726494e-03,5.391734771061212683e+01,4.752663252973355346e-01,9.970186012788669894e-01,1.000000000000000000e+00
2.156520960852503777e-03,5.325156182863078413e+01,4.717456540636139617e-01,9.935951414982427954e-01,1.000000000000000000e+00
1.924109063111245632e-03,5.424375406649353693e+01,4.925441499381995603e-01,9.974991639655389486e-01,1.000000000000000000e+00
2.018566709011793137e-03,5.382235886642304479e+01,4.874127963712607259e-01,9.935580454926263849e-01,1.000000000000000000e+00
1.950360252521932125e-03,5.411533836546453102e+01,4.951736375928059708e-01,9.933055219633036836e-01,1.000000000000000000e+00
1.817276352085173130e-03,5.472180200083912638e+01,4.955038762451670631e-01,9.948299067183100641e-01,1.000000000000000000e+00
2.271872013807296753e-03,5.277288175143932847e+01,4.735879640759135256e-01,9.885952656473412370e-01,1.000000000000000000e+00
2.148728817701339722e-03,5.327849514752451654e+01,4.801019289954078784e-01,9.931976774606479097e-01,1.000000000000000000e+00
2.306074369698762894e-03,5.265173881149667778e+01,4.632250147484215930e-01,9.890978659430990083e-01,1.000000000000000000e+00
2.150732791051268578e-03,5.326424116139040876e+01,4.728260793176397581e-01,9.926426207671101842e-01,1.000000000000000000e+00
2.492956584319472313e-03,5.200312206139638249e+01,4.916971164442915376e-01,9.964704383547928757e-01,1.000000000000000000e+00
1.939893350936472416e-03,5.415566575065852106e+01,4.918282110867746582e-01,9.943186955062731647e-01,1.000000000000000000e+00
2.207192592322826385e-03,5.305301981989423155e+01,4.964046930433642646e-01,9.911105801252166891e-01,1.000000000000000000e+00
1.809414592571556568e-03,5.479700587400899536e+01,4.942550656429973710e-01,9.974853514845877234e-01,1.000000000000000000e+00
2.056414494290947914e-03,5.364382975092684092e+01,4.916264154256128616e-01,9.913444010481938795e-01,1.000000000000000000e+00
1.771627110429108143e-03,5.496374241554014617e+01,4.972516312686732221e-01,9.978801225536733099e-01,1.000000000000000000e+00
2.270557219162583351e-03,5.278699653179290863e+01,4.835859047541028466e-01,9.890836918913622489e-01,1.000000000000000000e+00
1.905552577227354050e-03,5.432387970177721570e+01,4.976827455306042647e-01,9.977260165229981936e-01,1.000000000000000000e+00
1.892012543976306915e-03,5.438329371348039132e+01,4.953847631145758545e-01,9.978807969074136031e-01,1.000000000000000000e+00
2.455935813486576080e-03,5.209323365019492513e+01,4.798944225913765460e-01,9.826886813359706485e-01,1.000000000000000000e+00
2.084527863189578056e-03,5.352487361065604432e+01,4.768837108783701706e-01,9.935698114889444099e-01,1.000000000000000000e+00
2.022932050749659538e-03,5.379675273941867886e+01,4.878625064017104163e-01,9.973602825466071353e-01,1.000000000000000000e+00
2.372732618823647499e-03,5.240968564387138429e+01,4.801725812400743365e-01,9.921215032675605450e-01,1.000000000000000000e+00
2.062846673652529716e-03,5.362197059155904100e+01,4.782855805499285906e-01,9.937253493861968323e-01,1.000000000000000000e+00
2.198010450229048729e-03,5.308556922471612438e+01,4.901983260026689937e-01,9.932373491156450962e-01,1.000000000000000000e+00
1.875205896794795990e-03,5.446105265435036813e+01,4.970263363514322852e-01,9.977118713087956836e-01,1.000000000000000000e+00
2.013985067605972290e-03,5.381868544357062945e+01,4.931496071290937810e-01,9.977197168807753203e-01,1.000000000000000000e+00
2.114140195772051811e-03,5.340726800303662714e+01,4.785490505271088879e-01,9.911594260829703629e-01,1.000000000000000000e+00
2.050201874226331711e-03,5.368158086751734714e+01,4.966727332573017684e-01,9.921910043050806705e-01,1.000000000000000000e+00
2.159169642254710197e-03,5.323459536474574350e+01,4.754258636283928419e-01,9.907171782942153504e-01,1.000000000000000000e+00
2.066479763016104698e-03,5.361033844672766691e+01,4.874720546704502389e-01,9.931355280306287669e-01,1.000000000000000000e+00
1.910162740387022495e-03,5.429941055406548145e+01,5.057810706246388399e-01,9.979528870792715445e-01,1.000000000000000000e+00
2.006905851885676384e-03,5.386716058554020492e+01,4.924348584309267696e-01,9.975916088296011841e-01,1.000000000000000000e+00
1.942931790836155415e-03,5.414941315888164297e+01,4.952525983543210053e-01,9.973702838231611745e-01,1.000000000000000000e+00
1.899179886095225811e-03,5.434188646111429932e+01,4.891030349820628120e-01,9.976145633696473780e-01,1.000000000000000000e+00
1.897680922411382198e-03,5.435610352860165051e+01,4.879756492056532835e-01,9.977111243228304893e-01,1.000000000000000000e+00
1.847904990427196026e-03,5.459378008925825299e+01,4.947334362454063328e-01,9.978238858535911637e-01,1.000000000000000000e+00
2.654433948919177055e-03,5.144975586876745410e+01,4.666775673844944516e-01,9.889101774445880899e-01,1.000000000000000000e+00
1.976528204977512360e-03,5.399859618233111291e+01,4.862216967057007566e-01,9.942055620985046360e-01,1.000000000000000000e+00
1.841892139054834843e-03,5.462569899007046814e+01,4.992456980238107467e-01,9.978436652867642698e-01,1.000000000000000000e+00
1.955721760168671608e-03,5.407580992933834096e+01,4.860766672077644901e-01,9.937929220561204646e-01,1.000000000000000000e+00
1.855592243373394012e-03,5.456623728652171224e+01,4.920300571721740734e-01,9.978479858583678697e-01,1.000000000000000000e+00
2.035322831943631172e-03,5.374358331201933225e+01,4.884936619355383924e-01,9.976145835905150250e-01,1.000000000000000000e+00
1.914232969284057617e-03,5.425917167347278536e+01,5.016647631497057613e-01,9.978435964895920884e-01,1.000000000000000000e+00
2.011371776461601257e-03,5.382986645691849503e+01,4.907382764598411384e-01,9.944209759282531813e-01,1.000000000000000000e+00
1.788148190826177597e-03,5.488187563153582005e+01,4.946313830162789027e-01,9.942893617830442787e-01,1.000000000000000000e+00
2.249595476314425468e-03,5.285995060757038289e+01,4.853818569074024869e-01,9.919684254809565394e-01,1.000000000000000000e+00
2.185921883210539818e-03,5.312408771843791300e+01,4.768119481681155070e-01,9.924208065397749357e-01,1.000000000000000000e+00
2.421075012534856796e-03,5.222049517932597240e+01,4.649397765531701476e-01,9.864814842273098572e-01,1.000000000000000000e+00
2.157797338441014290e-03,5.325293014164975602e+01,4.758919710911410639e-01,9.921049874379138656e-01,1.000000000000000000e+00
1.995419617742300034e-03,5.393287775363560144e+01,4.941186707866962458e-01,9.933662058778978121e-01,1.000000000000000000e+00
2.496449276804924011e-03,5.196272454483468550e+01,4.731436305156246358e-01,9.896240959083592026e-01,1.000000000000000000e+00
2.006958238780498505e-03,5.387453014273358320e+01,4.855422958737616312e-01,9.937303181158667620e-01,1.000000000000000000e+00
1.858928124420344830e-03,5.452502826308847261e+01,4.935969495716470146e-01,9.948325724961860628e-01,1.000000000000000000e+00
2.017816528677940369e-03,5.384066172543601425e+01,4.939438787556120203e-01,9.925003969224790445e-01,1.000000000000000000e+00
2.206503413617610931e-03,5.305378622468914074e+01,4.867590051268895213e-01,9.925186400639689488e-01,1.000000000000000000e+00
1.862001954577863216e-03,5.454436505859047202e+01,4.815746054382555319e-01,9.975925463094347245e-01,1.000000000000000000e+00
2.035748912021517754e-03,5.374632017382522520e+01,4.902568321892961101e-01,9.930835138976652487e-01,1.000000000000000000e+00
2.191311446949839592e-03,5.309809062071596486e+01,4.808883703269555276e-01,9.930344494132029576e-01,1.000000000000000000e+00
2.300342312082648277e-03,5.265761058616074308e+01,4.734492058757657773e-01,9.884610307611497726e-01,1.000000000000000000e+00
2.597589045763015747e-03,5.161575846840551662e+01,4.712973970319112582e-01,9.832627700775352642e-01,1.000000000000000000e+00
2.024677349254488945e-03,5.379410389964930772e+01,4.925031954347225960e-01,9.937369428047696518e-01,1.000000000000000000e+00
2.199984155595302582e-03,5.306213832829692478e+01,4.834049922603901872e-01,9.911244336625265605e-01,1.000000000000000000e+00
2.403913997113704681e-03,5.232699111498415334e+01,4.431401951519880478e-01,9.919423690147411987e-01,1.000000000000000000e+00
2.418405376374721527e-03,5.221863437838318589e+01,4.830954767410405304e-01,9.841989742413551623e-01,1.000000000000000000e+00
2.321488456800580025e-03,5.262354331072934599e+01,4.692696484034549198e-01,9.915630741908318946e-01,1.000000000000000000e+00
1.997277140617370605e-03,5.390519814806778243e+01,4.816078579716223662e-01,9.941684412818876382e-01,1.000000000000000000e+00
2.420285018160939217e-03,5.223480684665243956e+01,4.799455762835750927e-01,9.836764904092727413e-01,1.000000000000000000e+00
2.330403542146086693e-03,5.257289033257070798e+01,4.924374434114335841e-01,9.966378492196646954e-01,1.000000000000000000e+00
2.115240553393959999e-03,5.343166708625303585e+01,4.977689238402125405e-01,9.973988281506119824e-01,1.000000000000000000e+00
1.864574267528951168e-03,5.454557298096197826e+01,4.986768456845336872e-01,9.975189201655668692e-01,1.000000000000000000e+00
1.979906810447573662e-03,5.398895255297141205e+01,4.838495680246260311e-01,9.938851223330992246e-01,1.000000000000000000e+00
2.389725996181368828e-03,5.232559477361336064e+01,4.657708503039661996e-01,9.863646178047597024e-01,1.000000000000000000e+00
2.197451191022992134e-03,5.309350988933601911e+01,4.569757778292634076e-01,9.927052901197029877e-01,1.000000000000000000e+00
1.976599451154470444e-03,5.401047927908393120e+01,4.953541129257421072e-01,9.976776473327982897e-01,1.000000000000000000e+00
2.101444639265537262e-03,5.348709835935057555e+01,4.853971942621703728e-01,9.972999012973430277e-01,1.000000000000000000e+00
2.398284850642085075e-03,5.231622502835189437e+01,4.600951697695387921e-01,9.880116615334801899e-01,1.000000000000000000e+00
2.372100716456770897e-03,5.239474689142596731e+01,4.729461684961357992e-01,9.853538803835940607e-01,1.000000000000000000e+00
1.899697468616068363e-03,5.433481772727452608e+01,4.981393335336203876e-01,9.976990567998583748e-01,1.000000000000000000e+00
2.466998063027858734e-03,5.205722558430642266e+01,4.715580877816054617e-01,9.867799507825548710e-01,1.000000000000000000e+00
1.930006663314998150e-03,5.420457029815050021e+01,4.898785613314939336e-01,9.940803882423541182e-01,1.000000000000000000e+00
2.227531047537922859e-03,5.294858642809630567e+01,4.894457399102287165e-01,9.927429226396440320e-01,1.000000000000000000e+00
1.970845041796565056e-03,5.400937904213022023e+01,4.925249332867515650e-01,9.975316027591061285e-01,1.000000000000000000e+00
2.121986122801899910e-03,5.338127263481644746e+01,4.799652569739536467e-01,9.926777700523640169e-01,1.000000000000000000e+00
1.872009946964681149e-03,5.449026588936004600e+01,5.040403719866320964e-01,9.979648620592022068e-01,1.000000000000000000e+00
2.008666982874274254e-03,5.383168097809681285e+01,4.849953427895252744e-01,9.944588825658183806e-01,1.000000000000000000e+00
2.156877191737294197e-03,5.321301498993602763e+01,4.940103792162049978e-01,9.941100219126214332e-01,1.000000000000000000e+00
2.139097312465310097e-03,5.329949265496281896e+01,4.690502188666985650e-01,9.902515100443468610e-01,1.000000000000000000e+00
2.194903325289487839e-03,5.309900358403898224e+01,4.864858392178071367e-01,9.933779594558335146e-01,1.000000000000000000e+00
1.950952340848743916e-03,5.411527672340859851e+01,4.840318819501465697e-01,9.941634646291276356e-01,1.000000000000000000e+00
1.816518488340079784e-03,5.474238182731535574e+01,4.848838679663584617e-01,9.979391729165206781e-01,1.000000000000000000e+00
2.011197619140148163e-03,5.385388260737364874e+01,4.922117307222538263e-01,9.934451399088802814e-01,1.000000000000000000e+00
2.216236665844917297e-03,5.302256298786983280e+01,4.704714442073523739e-01,9.968914657010525815e-01,1.000000000000000000e+00
2.023809822276234627e-03,5.381679223648255572e+01,4.886724086642508236e-01,9.970842696589005127e-01,1.000000000000000000e+00
2.761273877695202827e-03,5.116080021653263543e+01,4.545743062735341233e-01,9.866384395206703184e-01,0.000000000000000000e+00
2.932659350335597992e-03,5.061559066009954222e+01,4.528580403449840586e-01,9.851621676794218851e-01,0.000000000000000000e+00
6.064110901206731796e-03,4.433934751411891284e+01,4.640900388723881442e-01,9.175365150976716455e-01,0.000000000000000000e+00
2.925472566857933998e-03,5.063720328441112883e+01,4.541896163504426931e-01,9.851800741245391180e-01,0.000000000000000000e+00
3.050815314054489136e-03,5.026856147307061917e+01,4.629052067776811552e-01,9.851666914769863226e-01,0.000000000000000000e+00
3.838141215965151787e-03,4.830193395488453945e+01,4.320841156551251672e-01,9.597085868055650337e-01,0.000000000000000000e+00
2.550791949033737183e-03,5.178734332443624311e+01,4.634748242322843104e-01,9.866822149511388362e-01,0.000000000000000000e+00
2.761273877695202827e-03,5.116080021653263543e+01,4.545743062735341233e-01,9.866384395206703184e-01,0.000000000000000000e+00
5.970852915197610855e-03,4.449741752725670807e+01,4.570819756251473520e-01,9.429685631186680572e-01,0.000000000000000000e+00
3.050815314054489136e-03,5.026856147307061917e+01,4.629052067776811552e-01,9.851666914769863226e-01,0.000000000000000000e+00
4.501947667449712753e-03,4.693194413997930070e+01,4.027031148828378870e-01,9.848700944197904539e-01,0.000000000000000000e+00
2.220068825408816338e-03,5.297821397130132226e+01,4.721802786695109000e-01,9.904356183555296234e-01,0.000000000000000000e+00
2.308036666363477707e-03,5.266205048330982663e+01,4.621992834135477679e-01,9.902730988701614612e-01,0.000000000000000000e+00
2.550791949033737183e-03,5.178734332443624311e+01,4.634748242322843104e-01,9.866822149511388362e-01,0.000000000000000000e+00
2.926019951701164246e-03,5.063601317773330379e+01,4.534807993928486880e-01,9.851345719310353743e-01,0.000000000000000000e+00
2.821218222379684448e-03,5.093183503120781097e+01,4.718964832608745219e-01,9.877768586964393860e-01,0.000000000000000000e+00
2.220068825408816338e-03,5.297821397130132226e+01,4.721802786695109000e-01,9.904356183555296234e-01,0.000000000000000000e+00
4.877204075455665588e-03,4.623607540600760046e+01,4.691378944224320335e-01,9.538012166135819703e-01,0.000000000000000000e+00
3.700361587107181549e-03,4.863091441782800928e+01,4.116514902816484356e-01,9.818838156111712179e-01,0.000000000000000000e+00
3.499285085126757622e-03,4.910192665546989588e+01,4.708301319220803971e-01,9.516456317084509564e-01,0.000000000000000000e+00
2.708748914301395416e-03,5.130055137352061934e+01,4.667216195998955541e-01,9.887085775849958624e-01,0.000000000000000000e+00
2.582428744062781334e-03,5.170137463678606338e+01,4.615416749747325853e-01,9.946948807278621629e-01,0.000000000000000000e+00
2.807270968332886696e-03,5.100815236595400393e+01,4.547409384766261664e-01,9.863102860393807569e-01,0.000000000000000000e+00
2.339177066460251808e-03,5.252868493966157359e+01,4.649693739431912110e-01,9.900603392816506032e-01,0.000000000000000000e+00
2.339177066460251808e-03,5.252868493966157359e+01,4.649693739431912110e-01,9.900603392816506032e-01,0.000000000000000000e+00
2.405188046395778656e-03,5.233877028254804031e+01,4.791562637483188780e-01,9.899650984010653909e-01,0.000000000000000000e+00
3.437354927882552147e-03,4.927192851833788012e+01,4.387225328746657826e-01,9.834386019386923694e-01,0.000000000000000000e+00
3.983570262789726257e-03,4.799595652378559407e+01,4.012768501236916863e-01,9.803459488206839323e-01,0.000000000000000000e+00
3.004240104928612709e-03,5.042097956115402013e+01,4.464585564895718339e-01,9.856881270650758031e-01,0.000000000000000000e+00
2.599827712401747704e-03,5.164738700106106961e+01,4.672212625692827026e-01,9.884256493818299738e-01,0.000000000000000000e+00
7.300062570720911026e-03,4.272708007065720182e+01,4.638415484473956130e-01,8.865037475441609471e-01,0.000000000000000000e+00
2.669155597686767578e-03,5.138841626194745515e+01,4.672861787843684556e-01,9.895130596951687840e-01,0.000000000000000000e+00
2.392692258581519127e-03,5.232276013859330277e+01,4.715238938334730956e-01,9.894433281384528156e-01,0.000000000000000000e+00
2.324886387214064598e-03,5.260514612906209209e+01,4.745434976631388579e-01,9.900955907778344889e-01,0.000000000000000000e+00
2.460276009514927864e-03,5.208239554861089005e+01,4.618469350131735318e-01,9.896361685915363582e-01,0.000000000000000000e+00
2.460276009514927864e-03,5.208239554861089005e+01,4.618469350131735318e-01,9.896361685915363582e-01,0.000000000000000000e+00
4.178321454674005508e-03,4.755637104199642096e+01,4.601953884810039419e-01,9.528974886819995271e-01,0.000000000000000000e+00
3.084349678829312325e-03,5.020670899486634653e+01,4.600534109109342129e-01,9.856955762283540201e-01,0.000000000000000000e+00
2.405188046395778656e-03,5.233877028254804031e+01,4.791562637483188780e-01,9.899650984010653909e-01,0.000000000000000000e+00
5.563517566770315170e-03,4.508892866207822436e+01,4.673204105606427183e-01,9.036153788901525319e-01,0.000000000000000000e+00
7.018018048256635666e-03,4.307412324385018820e+01,4.721283918235990029e-01,8.752184328988912299e-01,0.000000000000000000e+00
3.194478340446949005e-03,4.990560041400885893e+01,4.460661776407128798e-01,9.845637599207649471e-01,0.000000000000000000e+00
2.932659350335597992e-03,5.061559066009954222e+01,4.528580403449840586e-01,9.851621676794218851e-01,0.000000000000000000e+00
5.491987336426973343e-03,4.522392764559612033e+01,4.452842008766388915e-01,9.421464309322656883e-01,0.000000000000000000e+00
2.308036666363477707e-03,5.266205048330982663e+01,4.621992834135477679e-01,9.902730988701614612e-01,0.000000000000000000e+00
3.814291208982467651e-03,4.835782754924339599e+01,4.085937137543606545e-01,9.822112986052157213e-01,0.000000000000000000e+00
2.661568112671375275e-03,5.141400950588681695e+01,4.698603173834145497e-01,9.895466898469269523e-01,0.000000000000000000e+00
2.308036666363477707e-03,5.266205048330982663e+01,4.621992834135477679e-01,9.902730988701614612e-01,0.000000000000000000e+00
2.326625166460871696e-03,5.258800706452640839e+01,4.682407161934210582e-01,9.897861467839074168e-01,0.000000000000000000e+00
6.660994142293930054e-03,4.354034195150615005e+01,4.275905249282645482e-01,9.256749023099013485e-01,0.000000000000000000e+00
4.340246785432100296e-03,4.724112196583332945e+01,4.035718026662900582e-01,9.763608370015672833e-01,0.000000000000000000e+00
3.042837372049689293e-03,5.032219132692796393e+01,4.591428294034763380e-01,9.859507088460895963e-01,0.000000000000000000e+00
4.460585769265890121e-03,4.701419885695041501e+01,4.572028473955391803e-01,9.578166465281623410e-01,0.000000000000000000e+00
2.324886387214064598e-03,5.260514612906209209e+01,4.745434976631388579e-01,9.900955907778344889e-01,0.000000000000000000e+00
2.599827712401747704e-03,5.164738700106106961e+01,4.672212625692827026e-01,9.884256493818299738e-01,0.000000000000000000e+00
4.206337500363588333e-03,4.750814660270545176e+01,4.530665505362289625e-01,9.394748506703963775e-01,0.000000000000000000e+00
5.382093135267496109e-03,4.538278099642190000e+01,4.004503052240346861e-01,9.607980521491833459e-01,0.000000000000000000e+00
2.324886387214064598e-03,5.260514612906209209e+01,4.745434976631388579e-01,9.900955907778344889e-01,0.000000000000000000e+00
2.604662673547863960e-03,5.166602339834754076e+01,4.754000500376454053e-01,9.887171413237006989e-01,0.000000000000000000e+00
2.460276009514927864e-03,5.208239554861089005e+01,4.618469350131735318e-01,9.896361685915363582e-01,0.000000000000000000e+00
5.435030441731214523e-03,4.529359694233502864e+01,4.289205528724325256e-01,9.069566741312348190e-01,0.000000000000000000e+00
5.224734079092741013e-03,4.563720305962247892e+01,4.103763214502412215e-01,9.361689809547198982e-01,0.000000000000000000e+00
3.154066158458590508e-03,4.999509777789563714e+01,4.534049631113543088e-01,9.854836153089646666e-01,0.000000000000000000e+00
3.050815314054489136e-03,5.026856147307061917e+01,4.629052067776811552e-01,9.851666914769863226e-01,0.000000000000000000e+00
4.380740690976381302e-03,4.716957477209638228e+01,4.726584133171750080e-01,9.817279089910156964e-01,0.000000000000000000e+00
2.739812480285763741e-03,5.123154824862999135e+01,4.444105596579470685e-01,9.928741820120160488e-01,0.000000000000000000e+00
4.746916238218545914e-03,4.647168105958915874e+01,4.572840397707753080e-01,9.456065932171823230e-01,0.000000000000000000e+00
2.761273877695202827e-03,5.116080021653263543e+01,4.545743062735341233e-01,9.866384395206703184e-01,0.000000000000000000e+00
4.424607846885919571e-03,4.708330552075389619e+01,4.936303584979939152e-01,9.798286721531210830e-01,0.000000000000000000e+00
2.045367611572146416e-03,5.367041915866242618e+01,4.843554230381357795e-01,9.934810052122821089e-01,0.000000000000000000e+00
3.676223335787653923e-03,4.869927273100643816e+01,4.810312509169823447e-01,9.628603406687057387e-01,0.000000000000000000e+00
2.294738776981830597e-03,5.266770225310875020e+01,4.785552538482625295e-01,9.935641699528782178e-01,0.000000000000000000e+00
1.898119109682738781e-03,5.437866255607218591e+01,4.897090773541121766e-01,9.961419350873047529e-01,0.000000000000000000e+00
2.062575193122029305e-03,5.365174942865327523e+01,4.826912634574192507e-01,9.959719779101060544e-01,0.000000000000000000e+00
2.253582933917641640e-03,5.283578077390415473e+01,4.835549510345477642e-01,9.935278453660169040e-01,0.000000000000000000e+00
2.294738776981830597e-03,5.266770225310875020e+01,4.785552538482625295e-01,9.935641699528782178e-01,0.000000000000000000e+00
2.941614948213100433e-03,5.062817521345188254e+01,4.459206004850329030e-01,9.905296877492107965e-01,0.000000000000000000e+00
3.623601747676730156e-03,4.880853256904133275e+01,4.167890658862136166e-01,9.855572084952219925e-01,0.000000000000000000e+00
6.906001362949609756e-03,4.321795353543698326e+01,4.843471823708880852e-01,8.770926683156732295e-01,0.000000000000000000e+00
3.147704759612679482e-03,5.003929532891451260e+01,4.330989808579170375e-01,9.866208027551403026e-01,0.000000000000000000e+00
1.898119109682738781e-03,5.437866255607218591e+01,4.897090773541121766e-01,9.961419350873047529e-01,0.000000000000000000e+00
4.591619595885276794e-03,4.674695973487821021e+01,4.789456916751326232e-01,9.567316333091161473e-01,0.000000000000000000e+00
1.995557220652699471e-03,5.392133838414971336e+01,4.810078071203615635e-01,9.943590589755418874e-01,0.000000000000000000e+00
2.821494126692414284e-03,5.096416477152914126e+01,4.517545123556458986e-01,9.905466076581267432e-01,0.000000000000000000e+00
3.199137048795819283e-03,4.988924499927269096e+01,4.876886988188047223e-01,9.727468353858627070e-01,0.000000000000000000e+00
2.206710632890462875e-03,5.296443765836363582e+01,4.786449821017750850e-01,9.942597816072867856e-01,0.000000000000000000e+00
2.254059305414557457e-03,5.279670129795427869e+01,4.772474855572306773e-01,9.939284621620355642e-01,0.000000000000000000e+00
1.913449144922196865e-03,5.427107854378842688e+01,4.929702649284444238e-01,9.938512398230848754e-01,0.000000000000000000e+00
2.750675426796078682e-03,5.118905129523395203e+01,4.691259572968379810e-01,9.848897958382840656e-01,0.000000000000000000e+00
1.967558637261390686e-03,5.398249905651050540e+01,4.885397021545636043e-01,9.941145202637962086e-01,0.000000000000000000e+00
3.458589315414428711e-03,4.922923948913037862e+01,4.153319344076495945e-01,9.876822024025057045e-01,0.000000000000000000e+00
2.245194045826792717e-03,5.292202138237151132e+01,4.765505879892912300e-01,9.937598045471051078e-01,0.000000000000000000e+00
2.146842190995812416e-03,5.330420861060305526e+01,4.870553209361563884e-01,9.951929160016179665e-01,0.000000000000000000e+00
2.236963715404272079e-03,5.294862774698893304e+01,4.788438211156355595e-01,9.943355344860118628e-01,0.000000000000000000e+00
3.881943179294466972e-03,4.821552149094159745e+01,4.092339564639026483e-01,9.836860041335176996e-01,0.000000000000000000e+00
2.693206071853637695e-03,5.137983642749419033e+01,4.552624038659653927e-01,9.915519860550000564e-01,0.000000000000000000e+00
1.995557220652699471e-03,5.392133838414971336e+01,4.810078071203615635e-01,9.943590589755418874e-01,0.000000000000000000e+00
7.104258984327316284e-03,4.297627617112398468e+01,3.956762277489602742e-01,9.106408576381112008e-01,0.000000000000000000e+00
4.965126048773527145e-03,4.608198506889254986e+01,4.916000721907958781e-01,9.047607996415395482e-01,0.000000000000000000e+00
2.206710632890462875e-03,5.296443765836363582e+01,4.786449821017750850e-01,9.942597816072867856e-01,0.000000000000000000e+00
2.484070137143135071e-03,5.197617969082834577e+01,4.783463305958568501e-01,9.914188090334321579e-01,0.000000000000000000e+00
5.172847304493188858e-03,4.571642199700472986e+01,4.901131627093982535e-01,9.331061839186097773e-01,0.000000000000000000e+00
3.590331412851810455e-03,4.889506333928468962e+01,4.230636155919225705e-01,9.864417659517594750e-01,0.000000000000000000e+00
2.719375072047114372e-03,5.132181897935066672e+01,4.813642507308367180e-01,9.875972870989692121e-01,0.000000000000000000e+00
1.967558637261390686e-03,5.398249905651050540e+01,4.885397021545636043e-01,9.941145202637962086e-01,0.000000000000000000e+00
2.146842190995812416e-03,5.330420861060305526e+01,4.870553209361563884e-01,9.951929160016179665e-01,0.000000000000000000e+00
3.136964747682213783e-03,5.006935563687839874e+01,4.332955635774931591e-01,9.889999044929038696e-01,0.000000000000000000e+00
6.379680242389440536e-03,4.391201268177569261e+01,4.379233981684878541e-01,9.209287939034616066e-01,0.000000000000000000e+00
2.135250484570860863e-03,5.330454362411229852e+01,4.777918807233692000e-01,9.948360687452888484e-01,0.000000000000000000e+00
4.399843048304319382e-03,4.712659955130256151e+01,4.771373357173767094e-01,9.432776645670357674e-01,0.000000000000000000e+00
2.055926248431205750e-03,5.362908734050058257e+01,4.848338953288284792e-01,9.936067321187378454e-01,0.000000000000000000e+00
3.848437219858169556e-03,4.829727881064343364e+01,4.047872128151404070e-01,9.849137664714749940e-01,0.000000000000000000e+00
7.011095527559518814e-03,4.308403486033376595e+01,4.270472760221522557e-01,8.938131152759449805e-01,0.000000000000000000e+00
2.906366949900984764e-03,5.069593193262898012e+01,4.873219627866484660e-01,9.855957584350475420e-01,0.000000000000000000e+00
5.337258335202932358e-03,4.546364599853462352e+01,4.759594719239179095e-01,9.557628941927545085e-01,0.000000000000000000e+00
5.846311803907155991e-03,4.466225177036180582e+01,4.865644172892422681e-01,9.241202850163113824e-01,0.000000000000000000e+00
5.663963034749031067e-03,4.495371414291327028e+01,4.477781548825596203e-01,9.379532308865279333e-01,0.000000000000000000e+00
6.941303610801696777e-03,4.317189771554252786e+01,4.126600212170215554e-01,8.824491063502506449e-01,0.000000000000000000e+00
4.103936720639467239e-03,4.773520060176861080e+01,4.627693632572715821e-01,9.713562324524516178e-01,0.000000000000000000e+00
4.860713612288236618e-03,4.626665986910902006e+01,4.828166354840583430e-01,9.586225326141174508e-01,0.000000000000000000e+00
4.955989774316549301e-03,4.609599179393940460e+01,4.010478366138286455e-01,9.342172834409397941e-01,0.000000000000000000e+00
5.758348386734724045e-03,4.479801099559387723e+01,4.840031944882630666e-01,9.175289200430366554e-01,0.000000000000000000e+00
2.288968069478869438e-03,5.263425901968059151e+01,4.858951426057530054e-01,9.926224892611896777e-01,0.000000000000000000e+00
2.070856047794222832e-03,5.356879305560440230e+01,4.762043757432667945e-01,9.935590149438371377e-01,0.000000000000000000e+00
2.196568995714187622e-03,5.308933050408598575e+01,4.855350843088307999e-01,9.936895962610945432e-01,0.000000000000000000e+00
2.135250484570860863e-03,5.330454362411229852e+01,4.777918807233692000e-01,9.948360687452888484e-01,0.000000000000000000e+00
2.166482852771878242e-03,5.318486117289253912e+01,4.899997171906028126e-01,9.936818452074951402e-01,0.000000000000000000e+00
2.603293862193822861e-03,5.158914916101537074e+01,4.781276726020616263e-01,9.872794219139873206e-01,0.000000000000000000e+00
3.075281158089637756e-03,5.025193090078811764e+01,4.362662807595114045e-01,9.897965230518837032e-01,0.000000000000000000e+00
2.135250484570860863e-03,5.330454362411229852e+01,4.777918807233692000e-01,9.948360687452888484e-01,0.000000000000000000e+00
2.068524947389960289e-03,5.363626631508211773e+01,4.888270195524195283e-01,9.950010288497161959e-01,0.000000000000000000e+00
2.288968069478869438e-03,5.263425901968059151e+01,4.858951426057530054e-01,9.926224892611896777e-01,0.000000000000000000e+00
4.851963836699724197e-03,4.628157816491729193e+01,4.864259073486170704e-01,9.629075082868440161e-01,0.000000000000000000e+00
2.109486144036054611e-03,5.342156345032994125e+01,4.915856483774934671e-01,9.942015363938461192e-01,0.000000000000000000e+00
3.757537575438618660e-03,4.850361633687624874e+01,4.247350740622630183e-01,9.890650977501397323e-01,0.000000000000000000e+00
2.351584611460566521e-03,5.249840324332129882e+01,4.777005914432756462e-01,9.933561987820613837e-01,0.000000000000000000e+00
3.331315936520695686e-03,4.954764642765387350e+01,4.767944768613014972e-01,9.797229557921136589e-01,0.000000000000000000e+00
3.147868439555168152e-03,5.004444261129336979e+01,4.334473120961436776e-01,9.898583602135172521e-01,0.000000000000000000e+00
2.279241802170872688e-03,5.277257719130179225e+01,4.922917505356199652e-01,9.941861902370053850e-01,0.000000000000000000e+00
4.454976413398981094e-03,4.701161917880386909e+01,4.906259587215434093e-01,9.461078622774209412e-01,0.000000000000000000e+00
2.836295403540134430e-03,5.092988190990102026e+01,4.524681211781171331e-01,9.901112943819828649e-01,0.000000000000000000e+00
7.387342397123575211e-03,4.262893371054691016e+01,3.990401760956024391e-01,9.056209268010536606e-01,0.000000000000000000e+00
3.253816394135355949e-03,4.976217645713027338e+01,4.295183603556651519e-01,9.873750336722513232e-01,0.000000000000000000e+00
6.608752533793449402e-03,4.359974148920287718e+01,4.111841737973895849e-01,8.801644905433034793e-01,0.000000000000000000e+00
1.995557220652699471e-03,5.392133838414971336e+01,4.810078071203615635e-01,9.943590589755418874e-01,0.000000000000000000e+00
2.062575193122029305e-03,5.365174942865327523e+01,4.826912634574192507e-01,9.959719779101060544e-01,0.000000000000000000e+00
2.288968069478869438e-03,5.263425901968059151e+01,4.858951426057530054e-01,9.926224892611896777e-01,0.000000000000000000e+00
1.955593004822731018e-03,5.407167508889160246e+01,4.907643763984126939e-01,9.953389565633591340e-01,0.000000000000000000e+00
1.998310443013906479e-03,5.388353431970777763e+01,4.871571021530679002e-01,9.948523945488684239e-01,0.000000000000000000e+00
2.191036473959684372e-03,5.310534305448044989e+01,4.784990300079818293e-01,9.926759107128887427e-01,0.000000000000000000e+00
2.236963715404272079e-03,5.294862774698893304e+01,4.788438211156355595e-01,9.943355344860118628e-01,0.000000000000000000e+00
4.686732310801744461e-03,4.658347824150166616e+01,3.898277641056950293e-01,9.426829481643809183e-01,0.000000000000000000e+00
2.005830639973282814e-03,5.385047784067911181e+01,4.887051723125419578e-01,9.950322720973310275e-01,0.000000000000000000e+00
1.998310443013906479e-03,5.388353431970777763e+01,4.871571021530679002e-01,9.948523945488684239e-01,0.000000000000000000e+00
4.920240491628646851e-03,4.615230727500606633e+01,3.783167866192817530e-01,9.284465279527639447e-01,0.000000000000000000e+00
3.479007398709654808e-03,4.917758150754491453e+01,4.801801340016476627e-01,9.700696475123559148e-01,0.000000000000000000e+00
6.065651774406433105e-03,4.434210159544694818e+01,4.430739915847088373e-01,9.175465092683413593e-01,0.000000000000000000e+00
2.231670310720801353e-03,5.296786956109622224e+01,4.805623552831910783e-01,9.945489491679927463e-01,0.000000000000000000e+00
6.093645934015512466e-03,4.430482562976091998e+01,4.808111939279269831e-01,9.127741991037959801e-01,0.000000000000000000e+00
2.485133474692702293e-03,5.206511252427815606e+01,4.628844809158467188e-01,9.922048648841106377e-01,0.000000000000000000e+00
8.212588727474212646e-03,4.170908737402590560e+01,4.882030537266223713e-01,8.615683316288546001e-01,0.000000000000000000e+00
2.081163227558135986e-03,5.351998358282332902e+01,4.857442160484635174e-01,9.945699835342297623e-01,0.000000000000000000e+00
2.294738776981830597e-03,5.266770225310875020e+01,4.785552538482625295e-01,9.935641699528782178e-01,0.000000000000000000e+00
6.603407207876443863e-03,4.361172977485570357e+01,4.764185574061201578e-01,8.775246219175061313e-01,0.000000000000000000e+00
6.241972092539072037e-03,4.409284570325075947e+01,4.011342635578621363e-01,9.225660293349958740e-01,0.000000000000000000e+00
5.321938078850507736e-03,4.547753244456765742e+01,3.916141525768545573e-01,9.652325520452009755e-01,0.000000000000000000e+00
3.141818568110466003e-03,5.006703658358233611e+01,4.713224553597297750e-01,9.763654877676763988e-01,0.000000000000000000e+00
2.236963715404272079e-03,5.294862774698893304e+01,4.788438211156355595e-01,9.943355344860118628e-01,0.000000000000000000e+00
3.714437363669276237e-03,4.860720324431794381e+01,4.139908855631095896e-01,9.873658058814797078e-01,0.000000000000000000e+00
3.107781754806637764e-03,5.016057439854797195e+01,4.728185290506125571e-01,9.816925370734636003e-01,0.000000000000000000e+00
2.648153575137257576e-03,5.151186289507332106e+01,4.760416517462888741e-01,9.912360618053308592e-01,0.000000000000000000e+00
4.829581826925277710e-03,4.631041927365557598e+01,4.867743491601083661e-01,9.342847338043288596e-01,0.000000000000000000e+00
2.804735908284783363e-03,5.099572140014855393e+01,4.638279921896646951e-01,9.888592260340128837e-01,0.000000000000000000e+00
3.021273761987686157e-03,5.040012072029830392e+01,4.371870080323511654e-01,9.911366528257410380e-01,0.000000000000000000e+00
2.833992242813110352e-03,5.090810976737813576e+01,4.654710206372459358e-01,9.886903259386259357e-01,0.000000000000000000e+00
2.303407527506351471e-03,5.268826253500261458e+01,4.726998938999351085e-01,9.922179466704964534e-01,0.000000000000000000e+00
1.942871254868805408e-03,5.418135889078855882e+01,4.870392388212794188e-01,9.974041609359259875e-01,0.000000000000000000e+00
2.718140371143817902e-03,5.126194415833337814e+01,4.707879716739450937e-01,9.949699420490144552e-01,0.000000000000000000e+00
4.218913614749908447e-03,4.749176623988445556e+01,4.126371130525416930e-01,9.776918866116625084e-01,0.000000000000000000e+00
7.391971070319414139e-03,4.262339519507051477e+01,3.684790829618659891e-01,9.032007910729257238e-01,0.000000000000000000e+00
6.459740456193685532e-03,4.379813913648270329e+01,4.117451263732371802e-01,9.116226024529195948e-01,0.000000000000000000e+00
3.426704788580536842e-03,4.931609946820947243e+01,4.744047239559292528e-01,9.680775838814539291e-01,0.000000000000000000e+00
2.431146567687392235e-03,5.222400312559018687e+01,4.856859673357361573e-01,9.960097702259919084e-01,0.000000000000000000e+00
2.469253027811646461e-03,5.210865219776196966e+01,4.655549748113119168e-01,9.912534287268757183e-01,0.000000000000000000e+00
2.381968079134821892e-03,5.241604478868261197e+01,4.866456667677938053e-01,9.960223743977697497e-01,0.000000000000000000e+00
3.003808669745922089e-03,5.043452507549338293e+01,4.628684555139174761e-01,9.760317077763548399e-01,0.000000000000000000e+00
3.297988325357437134e-03,4.963614072801558308e+01,4.337259462556643519e-01,9.894146738811605557e-01,0.000000000000000000e+00
2.108385786414146423e-03,5.345236752367397770e+01,4.792420327524158918e-01,9.961079592364919799e-01,0.000000000000000000e+00
3.695241874083876610e-03,4.865171595196084553e+01,4.766990154981536332e-01,9.884877371593322470e-01,0.000000000000000000e+00
2.388838678598403931e-03,5.235547860633797512e+01,4.834173550593095503e-01,9.918172762346375571e-01,0.000000000000000000e+00
4.584101494401693344e-03,4.676086937082865802e+01,4.791307547784093290e-01,9.652703278203449422e-01,0.000000000000000000e+00
2.152272732928395271e-03,5.327714145878986329e+01,4.746294762107465814e-01,9.923935559488560321e-01,0.000000000000000000e+00
3.430763259530067444e-03,4.928505036585978871e+01,4.566473767638969949e-01,9.912063079616206807e-01,0.000000000000000000e+00
2.198502887040376663e-03,5.311920011806662245e+01,4.878311876928408952e-01,9.962684978289745308e-01,0.000000000000000000e+00
2.849923446774482727e-03,5.088092704016170842e+01,4.774391701143374522e-01,9.948192315453704415e-01,0.000000000000000000e+00
3.355022519826889038e-03,4.948177954036611936e+01,4.382161385936481079e-01,9.887265918617139659e-01,0.000000000000000000e+00
2.683424623683094978e-03,5.139687836314916325e+01,4.753335618362048431e-01,9.910324815240046936e-01,0.000000000000000000e+00
2.604053588584065437e-03,5.166626750426865300e+01,4.804974882773616618e-01,9.927596367702536950e-01,0.000000000000000000e+00
2.303407527506351471e-03,5.268826253500261458e+01,4.726998938999351085e-01,9.922179466704964534e-01,0.000000000000000000e+00
1.969845732674002647e-03,5.403801430251629512e+01,4.819578812485543762e-01,9.970611994734054351e-01,0.000000000000000000e+00
3.310729516670107841e-03,4.960744819577974596e+01,4.768353121833681652e-01,9.686944325086197516e-01,0.000000000000000000e+00
1.969845732674002647e-03,5.403801430251629512e+01,4.819578812485543762e-01,9.970611994734054351e-01,0.000000000000000000e+00
2.053106669336557388e-03,5.370060775414803800e+01,4.872956021069128063e-01,9.928001339783923962e-01,0.000000000000000000e+00
2.218098845332860947e-03,5.300752510001749584e+01,4.797975219271020109e-01,9.969295602160023195e-01,0.000000000000000000e+00
2.112342976033687592e-03,5.345111875648492372e+01,4.893069327691397241e-01,9.971771371618981528e-01,0.000000000000000000e+00
5.419552326202392578e-03,4.532060974303721679e+01,4.849552816849984072e-01,9.412772246494164330e-01,0.000000000000000000e+00
7.638326380401849747e-03,4.233892267582032787e+01,4.743158484791940577e-01,8.906026013811759734e-01,0.000000000000000000e+00
2.108385786414146423e-03,5.345236752367397770e+01,4.792420327524158918e-01,9.961079592364919799e-01,0.000000000000000000e+00
2.146508311852812767e-03,5.332274453235851297e+01,4.909828405617799874e-01,9.966973950974370444e-01,0.000000000000000000e+00
2.961973426863551140e-03,5.054617716755234369e+01,4.820490586937755118e-01,9.732135949413400766e-01,0.000000000000000000e+00
1.993383048102259636e-03,5.394171807896093185e+01,4.930527188067929667e-01,9.972318697950476318e-01,0.000000000000000000e+00
2.801055787131190300e-03,5.101578300086483608e+01,4.628420141572797686e-01,9.906199458264501878e-01,0.000000000000000000e+00
7.314155343919992447e-03,4.272006362716532379e+01,4.436243696261708003e-01,9.100180599801165338e-01,0.000000000000000000e+00
3.710937686264514923e-03,4.860750730652972607e+01,4.129281400635567700e-01,9.841918649511441908e-01,0.000000000000000000e+00
5.375485867261886597e-03,4.540021426609189348e+01,4.321245744003590072e-01,9.321703075419124351e-01,0.000000000000000000e+00
3.609111532568931580e-03,4.884095029276601707e+01,4.495959519950429861e-01,9.688656319868735878e-01,0.000000000000000000e+00
4.907417576760053635e-03,4.617937747875137688e+01,4.221163535602782679e-01,9.671659676554060781e-01,0.000000000000000000e+00
2.335424534976482391e-03,5.259588838660769738e+01,4.722681476267334144e-01,9.932503263269371052e-01,0.000000000000000000e+00
3.550888970494270325e-03,4.898981210595577807e+01,4.255602200134576130e-01,9.893355124334024531e-01,0.000000000000000000e+00
3.238889621570706367e-03,4.980316091787709354e+01,4.873055885403592691e-01,9.574790175739861242e-01,0.000000000000000000e+00
4.568561911582946777e-03,4.679301026132837649e+01,4.455571601793065217e-01,9.379291701570376949e-01,0.000000000000000000e+00
4.093632567673921585e-03,4.775636498252114848e+01,4.009505724617211109e-01,9.818599026494191362e-01,0.000000000000000000e+00
2.284019952639937401e-03,5.277664914545069763e+01,4.759510530063595923e-01,9.918974804598725825e-01,0.000000000000000000e+00
2.152272732928395271e-03,5.327714145878986329e+01,4.746294762107465814e-01,9.923935559488560321e-01,0.000000000000000000e+00
2.303407527506351471e-03,5.268826253500261458e+01,4.726998938999351085e-01,9.922179466704964534e-01,0.000000000000000000e+00
2.196338959038257599e-03,5.309073284397165082e+01,4.830961694125490702e-01,9.927765328995635796e-01,0.000000000000000000e+00
2.293926896527409554e-03,5.271035279052621547e+01,4.778209039147662263e-01,9.925456613670484707e-01,0.000000000000000000e+00
4.792750813066959381e-03,4.637735169792132695e+01,4.322225337266528133e-01,9.387893148966016676e-01,0.000000000000000000e+00
3.247869201004505157e-03,4.977136295241159303e+01,4.739082322637893085e-01,9.535838195969841280e-01,0.000000000000000000e+00
2.455660840496420860e-03,5.211001083045197646e+01,4.784485203335126502e-01,9.965020847732138920e-01,0.000000000000000000e+00
2.529191086068749428e-03,5.189798873408214064e+01,4.751568208206358168e-01,9.954593099692313762e-01,0.000000000000000000e+00
3.293296555057168007e-03,4.963232662231359171e+01,4.865130105774786440e-01,9.636419369344754182e-01,0.000000000000000000e+00
3.899027826264500618e-03,4.818494043138451843e+01,4.603388047768717795e-01,9.559729000964898304e-01,0.000000000000000000e+00
2.108385786414146423e-03,5.345236752367397770e+01,4.792420327524158918e-01,9.961079592364919799e-01,0.000000000000000000e+00
3.105249954387545586e-03,5.014036666782716622e+01,4.841896178388248040e-01,9.632166676246983750e-01,0.000000000000000000e+00
4.355294164270162582e-03,4.720149277182273551e+01,4.623593503067524035e-01,9.573454091888832229e-01,0.000000000000000000e+00
2.218098845332860947e-03,5.300752510001749584e+01,4.797975219271020109e-01,9.969295602160023195e-01,0.000000000000000000e+00
4.955631215125322342e-03,4.609941392704348573e+01,4.565521127947325675e-01,9.476821669834284423e-01,0.000000000000000000e+00
6.925147026777267456e-03,4.318779362785980425e+01,4.795903039403904278e-01,8.922696932736319253e-01,0.000000000000000000e+00
2.825379371643066406e-03,5.094329416362262464e+01,4.635216349542357617e-01,9.903899243541665065e-01,0.000000000000000000e+00
3.632627660408616066e-03,4.879042120238757718e+01,4.376502417646481735e-01,9.889396613912659895e-01,0.000000000000000000e+00
2.112342976033687592e-03,5.345111875648492372e+01,4.893069327691397241e-01,9.971771371618981528e-01,0.000000000000000000e+00
2.288148039951920509e-03,5.274825744844012121e+01,4.764504184127292263e-01,9.963850705264863938e-01,0.000000000000000000e+00
2.254989463835954666e-03,5.286901007933380470e+01,4.762333135332688649e-01,9.918661184221885252e-01,0.000000000000000000e+00
3.719839965924620628e-03,4.859152904066111489e+01,4.199825843947491699e-01,9.879607233272240663e-01,0.000000000000000000e+00
5.710511002689599991e-03,4.486315020990562630e+01,4.710415719191966555e-01,8.915199233402812951e-01,0.000000000000000000e+00
3.409880446270108223e-03,4.931933120824399452e+01,4.614404583215669930e-01,9.924977038674994700e-01,0.000000000000000000e+00
3.862400306388735771e-03,4.826464670347681363e+01,4.105016294806421162e-01,9.867399358877927407e-01,0.000000000000000000e+00
2.801055787131190300e-03,5.101578300086483608e+01,4.628420141572797686e-01,9.906199458264501878e-01,0.000000000000000000e+00
2.529191086068749428e-03,5.189798873408214064e+01,4.751568208206358168e-01,9.954593099692313762e-01,0.000000000000000000e+00
2.326010493561625481e-03,5.262244798327009221e+01,4.675407723981114816e-01,9.914066785151431915e-01,0.000000000000000000e+00
1.903066760860383511e-03,5.434140297716217560e+01,4.956142332075874068e-01,9.976903792058737785e-01,0.000000000000000000e+00
2.284019952639937401e-03,5.277664914545069763e+01,4.759510530063595923e-01,9.918974804598725825e-01,0.000000000000000000e+00
8.483267389237880707e-03,4.142699461682230577e+01,4.209442973418874856e-01,8.612076885167240237e-01,0.000000000000000000e+00
4.231082741171121597e-03,4.745419982772502010e+01,4.444137244089309546e-01,9.372096482655387639e-01,0.000000000000000000e+00
5.649172235280275345e-03,4.495832962001844635e+01,4.886784980578733895e-01,8.966743528800820151e-01,0.000000000000000000e+00
4.955645184963941574e-03,4.609397930810510502e+01,4.133072822151638293e-01,9.408175254495912965e-01,0.000000000000000000e+00
5.334541201591491699e-03,4.545357240565758161e+01,4.785738083021129907e-01,9.403068843901039031e-01,0.000000000000000000e+00
3.593103028833866119e-03,4.889184599569823320e+01,4.846628810977442470e-01,9.462454312903522125e-01,0.000000000000000000e+00
4.615604411810636520e-03,4.671755518464338763e+01,4.940373544450376575e-01,9.187979561403230022e-01,0.000000000000000000e+00
3.844758495688438416e-03,4.830507368062840357e+01,4.866367842727780668e-01,9.875097620462852666e-01,0.000000000000000000e+00
4.807012621313333511e-03,4.631699148225375495e+01,4.311784894212823960e-01,9.199841495267632174e-01,0.000000000000000000e+00
6.947214249521493912e-03,4.316909272691951571e+01,3.886823535599654433e-01,9.095338462889158704e-01,0.000000000000000000e+00
2.284019952639937401e-03,5.277664914545069763e+01,4.759510530063595923e-01,9.918974804598725825e-01,0.000000000000000000e+00
4.793080035597085953e-03,4.638589018154097232e+01,4.045121376596763074e-01,9.672725499029080076e-01,0.000000000000000000e+00
2.122245728969573975e-03,5.338981066998041314e+01,4.879216958681577565e-01,9.959412711142192620e-01,0.000000000000000000e+00
2.053106669336557388e-03,5.370060775414803800e+01,4.872956021069128063e-01,9.928001339783923962e-01,0.000000000000000000e+00
2.814910607412457466e-03,5.099760328000811427e+01,4.522460459893185569e-01,9.918898527723275516e-01,0.000000000000000000e+00
2.892417134717106819e-03,5.076783060893152566e+01,4.904843398190384396e-01,9.951983560347996693e-01,0.000000000000000000e+00
2.437370130792260170e-03,5.220828872609718019e+01,4.723666113856921922e-01,9.916480260540136982e-01,0.000000000000000000e+00
3.364679403603076935e-03,4.946074678568862737e+01,4.193227781828826051e-01,9.854463776271487063e-01,0.000000000000000000e+00
2.186201745644211769e-03,5.317302341090997686e+01,4.747367514189855808e-01,9.960993403856833739e-01,0.000000000000000000e+00
2.947069937363266945e-03,5.061965593565405186e+01,4.801489910708922615e-01,9.853206091050296100e-01,0.000000000000000000e+00
2.194097731262445450e-03,5.310412673160993791e+01,4.750452911528699196e-01,9.918845495061384687e-01,0.000000000000000000e+00
3.446576884016394615e-03,4.924133205861657814e+01,4.407781796674183350e-01,9.707992980961263063e-01,0.000000000000000000e+00
2.311955438926815987e-03,5.263516176184158013e+01,4.720535430017537837e-01,9.919086891318319443e-01,0.000000000000000000e+00
2.264849143102765083e-03,5.282209821865551191e+01,4.788596587896695733e-01,9.921610197526171682e-01,0.000000000000000000e+00
2.894533099606633186e-03,5.075475056733631618e+01,4.660741016132515235e-01,9.749465671214418983e-01,0.000000000000000000e+00
7.306148763746023178e-03,4.272286731037152663e+01,4.709467720242101474e-01,8.823902396234698520e-01,0.000000000000000000e+00
7.274980191141366959e-03,4.276056348921527217e+01,4.707442060947003015e-01,8.940785700124904700e-01,0.000000000000000000e+00
2.264849143102765083e-03,5.282209821865551191e+01,4.788596587896695733e-01,9.921610197526171682e-01,0.000000000000000000e+00
2.812477992847561836e-03,5.101381091353839992e+01,4.508222586845806457e-01,9.931225063112387730e-01,0.000000000000000000e+00
3.704356029629707336e-03,4.862995664132150608e+01,4.789834884222477496e-01,9.588895047701829766e-01,0.000000000000000000e+00
2.536091487854719162e-03,5.189357816596221085e+01,4.484761185220941804e-01,9.924176995116574806e-01,0.000000000000000000e+00
3.546342020854353905e-03,4.899567480269044495e+01,4.652929283592673326e-01,9.619448995691558535e-01,0.000000000000000000e+00
2.238130895420908928e-03,5.292097372028746349e+01,4.740517990824285044e-01,9.915903766063071112e-01,0.000000000000000000e+00
2.376853488385677338e-03,5.241873256788353785e+01,4.706373807519819708e-01,9.907837560508063746e-01,0.000000000000000000e+00
2.311955438926815987e-03,5.263516176184158013e+01,4.720535430017537837e-01,9.919086891318319443e-01,0.000000000000000000e+00
3.526033600792288780e-03,4.904644647297851634e+01,4.293577424325777936e-01,9.466675122748243743e-01,0.000000000000000000e+00
3.648534417152404785e-03,4.875960515637169124e+01,4.094552119422503189e-01,9.866018245794858643e-01,0.000000000000000000e+00
2.122409641742706299e-03,5.338228856014609391e+01,4.777945849725511174e-01,9.957405741199543137e-01,0.000000000000000000e+00
1.890382729470729828e-03,5.440105629902674877e+01,4.945187814074962218e-01,9.974680792440970833e-01,0.000000000000000000e+00
2.200528979301452637e-03,5.308106258098359120e+01,4.648924538266860362e-01,9.953157997484337605e-01,0.000000000000000000e+00
2.478220267221331596e-03,5.210072482713120223e+01,4.613738183544386362e-01,9.945978593323383521e-01,0.000000000000000000e+00
2.756643341854214668e-03,5.120124144260685739e+01,4.510481508727976485e-01,9.806867658260850495e-01,0.000000000000000000e+00
2.029969356954097748e-03,5.377345581022544252e+01,4.720707273787086433e-01,9.916964965834470513e-01,0.000000000000000000e+00
1.953777624294161797e-03,5.411580377710696155e+01,4.657723766725831993e-01,9.955064079841013935e-01,0.000000000000000000e+00
5.942551884800195694e-03,4.452188597973141526e+01,4.635517492204541123e-01,8.779955313696118369e-01,0.000000000000000000e+00
5.909217987209558487e-03,4.457286806685415570e+01,4.199217115521296506e-01,9.206231299247139566e-01,0.000000000000000000e+00
2.097763121128082275e-03,5.348352387213176939e+01,4.875706958630781074e-01,9.957648442879908357e-01,0.000000000000000000e+00
3.764452412724494934e-03,4.848787087179975686e+01,4.038683591838957976e-01,9.821075097472595772e-01,0.000000000000000000e+00
7.674881722778081894e-03,4.229832061401043575e+01,4.623269566707731149e-01,8.942354229632257789e-01,0.000000000000000000e+00
1.953011262230575085e-03,5.411939537446451709e+01,4.869027644947250266e-01,9.928568847317236212e-01,0.000000000000000000e+00
3.755442798137664795e-03,4.850143160207055359e+01,4.127711140958217340e-01,9.873599430202246729e-01,0.000000000000000000e+00
3.076396184042096138e-03,5.024004714816071271e+01,4.597796537261915062e-01,9.627640703412051471e-01,0.000000000000000000e+00
3.884666832163929939e-03,4.821259464607049949e+01,4.141441811125070593e-01,9.869050696938511669e-01,0.000000000000000000e+00
6.052611395716667175e-03,4.436490596667196940e+01,4.893215316920904168e-01,9.110475112189225788e-01,0.000000000000000000e+00
2.022177213802933693e-03,5.381926828099707194e+01,4.726036900873440971e-01,9.954994032116456504e-01,0.000000000000000000e+00
4.285995848476886749e-03,4.735248639754863120e+01,4.855701406670160925e-01,9.565533315851056928e-01,0.000000000000000000e+00
2.022177213802933693e-03,5.381926828099707194e+01,4.726036900873440971e-01,9.954994032116456504e-01,0.000000000000000000e+00
2.194097731262445450e-03,5.310412673160993791e+01,4.750452911528699196e-01,9.918845495061384687e-01,0.000000000000000000e+00
4.863267764449119568e-03,4.625390796249249803e+01,4.880305542905198357e-01,9.130768282886491116e-01,0.000000000000000000e+00
2.119260607287287712e-03,5.340145098592397233e+01,4.717680815755638801e-01,9.948459473864832425e-01,0.000000000000000000e+00
3.496790304780006409e-03,4.911787365967373375e+01,4.219771471103364036e-01,9.889607414467259661e-01,0.000000000000000000e+00
4.472149070352315903e-03,4.697714833277824198e+01,4.735456587325052591e-01,9.411694653958057044e-01,0.000000000000000000e+00
3.691359423100948334e-03,4.865852494354182056e+01,4.113367015333116439e-01,9.859302767364045428e-01,0.000000000000000000e+00
1.953011262230575085e-03,5.411939537446451709e+01,4.869027644947250266e-01,9.928568847317236212e-01,0.000000000000000000e+00
3.415915882214903831e-03,4.934280432132393202e+01,4.763809337833471713e-01,9.939787408906294308e-01,0.000000000000000000e+00
3.701753215864300728e-03,4.863588365654823775e+01,4.354159872496187744e-01,9.813845577887821969e-01,0.000000000000000000e+00
2.279807114973664284e-03,5.274555438338456526e+01,4.863855475298112796e-01,9.965088293187313040e-01,0.000000000000000000e+00
5.391430575400590897e-03,4.536044079555306041e+01,4.752412492691116541e-01,9.171441854932904647e-01,0.000000000000000000e+00
3.638834459707140923e-03,4.877868487257827468e+01,4.190891218926315887e-01,9.840157874202265509e-01,0.000000000000000000e+00
3.312082029879093170e-03,4.959602416950072978e+01,4.407468192527755346e-01,9.467478922025415189e-01,0.000000000000000000e+00
2.069664187729358673e-03,5.360718283970729203e+01,4.840132781348880919e-01,9.954290902728347712e-01,0.000000000000000000e+00
3.908492624759674072e-03,4.815373171027816568e+01,4.303760602582927253e-01,9.426232997836724303e-01,0.000000000000000000e+00
5.418397020548582077e-03,4.532194381382423387e+01,4.461289358723202203e-01,9.020271480678273557e-01,0.000000000000000000e+00
6.372744683176279068e-03,4.391231672423153043e+01,4.799466661054614947e-01,8.916933187923580251e-01,0.000000000000000000e+00
4.583912435919046402e-03,4.676782064622584301e+01,4.789795650032111496e-01,9.681006080737605268e-01,0.000000000000000000e+00
2.022177213802933693e-03,5.381926828099707194e+01,4.726036900873440971e-01,9.954994032116456504e-01,0.000000000000000000e+00
7.643477525562047958e-03,4.233249587820399285e+01,4.688815090436563859e-01,8.697044944714723558e-01,0.000000000000000000e+00
2.264849143102765083e-03,5.282209821865551191e+01,4.788596587896695733e-01,9.921610197526171682e-01,0.000000000000000000e+00
2.503279829397797585e-03,5.202893619016785465e+01,4.594792993088578359e-01,9.937226866282121707e-01,0.000000000000000000e+00
2.122409641742706299e-03,5.338228856014609391e+01,4.777945849725511174e-01,9.957405741199543137e-01,0.000000000000000000e+00
2.064463915303349495e-03,5.363218094828286553e+01,4.801360433724733423e-01,9.970852144314573673e-01,0.000000000000000000e+00
3.602955490350723267e-03,4.887569282746567012e+01,4.673050544513975280e-01,9.930927957338608891e-01,0.000000000000000000e+00
1.953777624294161797e-03,5.411580377710696155e+01,4.657723766725831993e-01,9.955064079841013935e-01,0.000000000000000000e+00
2.269553719088435173e-03,5.282485177916626640e+01,4.753307616007687031e-01,9.934059007641383721e-01,0.000000000000000000e+00
4.410512745380401611e-03,4.711024279043950713e+01,4.949196126344032609e-01,9.339565485048592075e-01,0.000000000000000000e+00
2.217300236225128174e-03,5.302053034691124367e+01,4.818349425453423707e-01,9.950292710235784099e-01,0.000000000000000000e+00
2.662543207406997681e-03,5.147332719025233416e+01,4.446138426741377270e-01,9.894504715846202947e-01,0.000000000000000000e+00
2.658444223925471306e-03,5.150150706906840981e+01,4.374974406507539104e-01,9.916421616210436829e-01,0.000000000000000000e+00
2.279807114973664284e-03,5.274555438338456526e+01,4.863855475298112796e-01,9.965088293187313040e-01,0.000000000000000000e+00
5.769432056695222855e-03,4.478893221777039457e+01,4.919303938088653294e-01,9.198920757781335888e-01,0.000000000000000000e+00
2.264642389491200447e-03,5.283470800030512748e+01,4.668263818689097899e-01,9.918874846490982611e-01,0.000000000000000000e+00
4.844855982810258865e-03,4.629549566562484131e+01,4.177746701237928240e-01,9.533181051282347829e-01,0.000000000000000000e+00
6.426518317312002182e-03,4.384531334611566677e+01,4.767771332274555185e-01,9.086025393009889983e-01,0.000000000000000000e+00
3.087778808549046516e-03,5.019369963437533499e+01,4.763852816509011046e-01,9.764970664990246796e-01,0.000000000000000000e+00
5.125954281538724899e-03,4.577312589534454901e+01,4.042983138797852649e-01,9.204429608316718747e-01,0.000000000000000000e+00
3.076568013057112694e-03,5.001442339903609025e+01,4.855766154548635249e-01,9.921378647613465773e-01,0.000000000000000000e+00
5.151964258402585983e-03,4.571036287257189201e+01,4.073944989112305293e-01,9.655610147806177324e-01,0.000000000000000000e+00
2.185017103329300880e-03,5.258662930043997363e+01,4.804459947867516512e-01,9.915538682027028594e-01,0.000000000000000000e+00
2.185017103329300880e-03,5.258662930043997363e+01,4.804459947867516512e-01,9.915538682027028594e-01,0.000000000000000000e+00
2.185017103329300880e-03,5.258662930043997363e+01,4.804459947867516512e-01,9.915538682027028594e-01,0.000000000000000000e+00
2.558835316449403763e-03,5.141910497906615518e+01,4.759638460740715504e-01,9.826544928703221382e-01,0.000000000000000000e+00
3.531685099005699158e-03,4.892180440280227316e+01,4.504352318060172444e-01,9.888226144258167594e-01,0.000000000000000000e+00
4.742333199828863144e-03,4.623855749811484372e+01,3.318965221707183555e-01,9.537634621652207878e-01,0.000000000000000000e+00
6.274142768234014511e-03,4.388862571887278818e+01,3.214130692601304129e-01,8.809868270690445202e-01,0.000000000000000000e+00
2.198056550696492195e-03,5.256393413337585230e+01,4.903421431608103176e-01,9.916753346350865028e-01,0.000000000000000000e+00
5.101672839373350143e-03,4.553498444714260529e+01,3.309622080530837951e-01,9.441192330259638998e-01,0.000000000000000000e+00
2.558835316449403763e-03,5.141910497906615518e+01,4.759638460740715504e-01,9.826544928703221382e-01,0.000000000000000000e+00
4.742333199828863144e-03,4.623855749811484372e+01,3.318965221707183555e-01,9.537634621652207878e-01,0.000000000000000000e+00
4.696948919445276260e-03,4.641723043934092630e+01,3.152565960007839840e-01,9.836361171403011916e-01,0.000000000000000000e+00
6.529649253934621811e-03,4.366471332387736481e+01,4.520116736890127385e-01,9.218695214922542069e-01,0.000000000000000000e+00
4.458129871636629105e-03,4.673032368653836244e+01,3.199296058201551163e-01,9.544941051306565782e-01,0.000000000000000000e+00
5.626319441944360733e-03,4.493819356347272276e+01,2.982415665042559283e-01,9.621049748454023609e-01,0.000000000000000000e+00
4.187864717096090317e-03,4.751472893367611050e+01,4.651529786290934942e-01,9.876501750414852232e-01,0.000000000000000000e+00
6.709770765155553818e-03,4.329824157800783269e+01,3.338275063000518128e-01,8.683872572131071665e-01,0.000000000000000000e+00
5.379692185670137405e-03,4.527064518774555779e+01,2.936997662547751187e-01,9.470160030143576213e-01,0.000000000000000000e+00
3.362766699865460396e-03,4.928975173732261794e+01,4.716843274603519376e-01,9.812749106412690381e-01,0.000000000000000000e+00
2.231448423117399216e-03,5.246603936438749116e+01,4.859887908944064416e-01,9.913424393170849891e-01,0.000000000000000000e+00
5.226565524935722351e-03,4.534800784445393163e+01,3.322197597828193127e-01,9.363054425638193123e-01,0.000000000000000000e+00
3.549248678609728813e-03,4.885993203718620492e+01,4.711015578285510652e-01,9.852556115810976456e-01,0.000000000000000000e+00
4.458129871636629105e-03,4.673032368653836244e+01,3.199296058201551163e-01,9.544941051306565782e-01,0.000000000000000000e+00
4.392976406961679459e-03,4.695103793186287078e+01,3.536032306092689592e-01,9.169479737273809050e-01,0.000000000000000000e+00
7.183168083429336548e-03,4.278782725438459522e+01,2.989647730220553190e-01,9.089204753461692654e-01,0.000000000000000000e+00
3.610718995332717896e-03,4.876399331005475801e+01,4.302949980566324051e-01,9.838870621225938029e-01,0.000000000000000000e+00
5.704879760742187500e-03,4.459936997732334163e+01,3.245053814810145987e-01,9.332598743904617633e-01,0.000000000000000000e+00
5.572364199906587601e-03,4.497834238272697860e+01,3.006066147003447209e-01,9.460418071144979235e-01,0.000000000000000000e+00
2.231448423117399216e-03,5.246603936438749116e+01,4.859887908944064416e-01,9.913424393170849891e-01,0.000000000000000000e+00
4.775302950292825699e-03,4.621369645983708807e+01,3.041220588354187071e-01,9.515839305612669996e-01,0.000000000000000000e+00
6.643629167228937149e-03,4.355867193532212411e+01,4.159182452166579336e-01,9.287954687954624866e-01,0.000000000000000000e+00
4.742333199828863144e-03,4.623855749811484372e+01,3.318965221707183555e-01,9.537634621652207878e-01,0.000000000000000000e+00
9.431166574358940125e-03,4.041478328735141190e+01,2.990218835466452174e-01,8.242075602597221939e-01,0.000000000000000000e+00
2.198056550696492195e-03,5.256393413337585230e+01,4.903421431608103176e-01,9.916753346350865028e-01,0.000000000000000000e+00
2.411551075056195259e-03,5.232817190931554308e+01,4.714053711671912228e-01,9.939801471251158427e-01,0.000000000000000000e+00
3.002091310918331146e-03,5.044461022939988482e+01,4.470801287777290134e-01,9.925798450851986976e-01,0.000000000000000000e+00
3.077592002227902412e-03,5.023380546437731198e+01,4.600413832828098015e-01,9.880847082274618609e-01,0.000000000000000000e+00
2.932296134531497955e-03,5.063084990716588152e+01,4.664424833208235532e-01,9.954941500062028936e-01,0.000000000000000000e+00
2.051431452855467796e-03,5.369162968186523699e+01,4.846166646397572220e-01,9.958379808224648855e-01,0.000000000000000000e+00
2.311915857717394829e-03,5.267574242917903149e+01,4.818745505361019532e-01,9.946397556605491852e-01,0.000000000000000000e+00
2.309093018993735313e-03,5.266758137229401626e+01,4.885377524608991995e-01,9.932903297925138597e-01,0.000000000000000000e+00
3.012625733390450478e-03,5.041871709128788126e+01,4.864087193357619632e-01,9.905532255158256971e-01,0.000000000000000000e+00
2.602301537990570068e-03,5.162415819863502975e+01,4.847668314825419600e-01,9.927592748808230505e-01,0.000000000000000000e+00
4.873199388384819031e-03,4.622358446391793763e+01,4.425521662600747086e-01,9.287576058575041094e-01,0.000000000000000000e+00
2.309093018993735313e-03,5.266758137229401626e+01,4.885377524608991995e-01,9.932903297925138597e-01,0.000000000000000000e+00
2.027271781116724014e-03,5.377728109925926958e+01,4.859285644041282382e-01,9.970268707758281890e-01,0.000000000000000000e+00
5.311893299221992493e-03,4.551233378933603291e+01,4.406434001102272902e-01,9.450562001279348978e-01,0.000000000000000000e+00
2.826136536896228790e-03,5.092845668623535005e+01,4.691681036934308158e-01,9.947725786468115672e-01,0.000000000000000000e+00
3.435411257669329643e-03,4.924907594689741330e+01,4.648290674181924653e-01,9.944881712042824562e-01,0.000000000000000000e+00
5.804048385471105576e-03,4.473150240996565685e+01,4.700284226259467402e-01,9.113427091743216968e-01,0.000000000000000000e+00
2.389598404988646507e-03,5.237735902848967839e+01,4.841436551879309547e-01,9.929835635933718097e-01,0.000000000000000000e+00
3.729554824531078339e-03,4.856690037370241697e+01,4.205011285958530354e-01,9.848189843077155281e-01,0.000000000000000000e+00
2.602301537990570068e-03,5.162415819863502975e+01,4.847668314825419600e-01,9.927592748808230505e-01,0.000000000000000000e+00
3.093619830906391144e-03,5.015916963624452052e+01,4.932301363150775608e-01,9.790573703378940840e-01,0.000000000000000000e+00
2.190327038988471031e-03,5.308401809152383066e+01,4.792418500994110597e-01,9.959692732817133631e-01,0.000000000000000000e+00
4.352871794253587723e-03,4.722271009886896564e+01,4.909087670181450647e-01,9.267555577474291262e-01,0.000000000000000000e+00
3.729440271854400635e-03,4.856826836957782234e+01,4.215914641823835241e-01,9.847396822724534537e-01,0.000000000000000000e+00
2.206655452027916908e-03,5.304939508701895789e+01,4.881129017275592230e-01,9.912923258767009083e-01,0.000000000000000000e+00
3.044502111151814461e-03,5.030660417891350988e+01,4.683414035701423117e-01,9.890422737225189609e-01,0.000000000000000000e+00
2.850940218195319176e-03,5.090124720793567548e+01,4.520754816615817351e-01,9.923866504940996869e-01,0.000000000000000000e+00
2.826136536896228790e-03,5.092845668623535005e+01,4.691681036934308158e-01,9.947725786468115672e-01,0.000000000000000000e+00
4.718129057437181473e-03,4.648548934390446163e+01,3.924514174706938974e-01,9.183808217902315052e-01,0.000000000000000000e+00
2.576740691438317299e-03,5.173167485351959272e+01,4.516449901862006899e-01,9.897762084120135251e-01,0.000000000000000000e+00
2.289233030751347542e-03,5.272288878781365895e+01,4.724599024855622442e-01,9.924410614031274891e-01,0.000000000000000000e+00
2.324325265362858772e-03,5.259171924014224686e+01,4.619939992195883360e-01,9.913548780674430461e-01,0.000000000000000000e+00
2.389598404988646507e-03,5.237735902848967839e+01,4.841436551879309547e-01,9.929835635933718097e-01,0.000000000000000000e+00
4.579532425850629807e-03,4.675837968890700580e+01,4.460000720195904100e-01,9.330090875138096207e-01,0.000000000000000000e+00
3.192881122231483459e-03,4.989853596693021132e+01,4.559423516322502756e-01,9.922938713630259366e-01,0.000000000000000000e+00
3.404092742130160332e-03,4.935714514447717960e+01,4.678872977009498890e-01,9.659521254373092392e-01,0.000000000000000000e+00
5.956253502517938614e-03,4.450011284418964408e+01,4.198235625386974590e-01,8.863253960469897885e-01,0.000000000000000000e+00
6.189515348523855209e-03,4.416773120318248402e+01,4.165762622671822513e-01,8.855896388340808167e-01,0.000000000000000000e+00
2.051431452855467796e-03,5.369162968186523699e+01,4.846166646397572220e-01,9.958379808224648855e-01,0.000000000000000000e+00
3.608356462791562080e-03,4.882811646368924841e+01,4.730754241465733312e-01,9.642766691270163726e-01,0.000000000000000000e+00
3.017120296135544777e-03,5.040801695033796648e+01,4.425973868653138577e-01,9.915112674484490851e-01,0.000000000000000000e+00
3.179015358909964561e-03,4.995379723490485446e+01,4.396912357540722627e-01,9.861253449439543184e-01,0.000000000000000000e+00
2.876805840060114861e-03,5.083025163352929354e+01,4.849754010662170045e-01,9.948726193788356431e-01,0.000000000000000000e+00
3.117782995104789734e-03,5.012987067906139771e+01,4.580133968126848809e-01,9.832937369172177755e-01,0.000000000000000000e+00
2.324325265362858772e-03,5.259171924014224686e+01,4.619939992195883360e-01,9.913548780674430461e-01,0.000000000000000000e+00
2.289233030751347542e-03,5.272288878781365895e+01,4.724599024855622442e-01,9.924410614031274891e-01,0.000000000000000000e+00
2.249221084639430046e-03,5.287318716534465324e+01,4.863929291302902524e-01,9.919121428332714485e-01,0.000000000000000000e+00
2.315321937203407288e-03,5.265605759241783801e+01,4.854844672506526959e-01,9.877684793170983246e-01,0.000000000000000000e+00
4.895903635770082474e-03,4.620384614374901844e+01,4.797828265719404350e-01,9.573472074603913695e-01,0.000000000000000000e+00
3.983877133578062057e-03,4.798006437205661001e+01,4.718929640967431394e-01,9.515482719752558216e-01,0.000000000000000000e+00
2.212987514212727547e-03,5.302907444500142731e+01,4.712612843945530039e-01,9.953915921785704279e-01,0.000000000000000000e+00
2.232688711956143379e-03,5.292981744865205229e+01,4.718929640967431394e-01,9.952142963993581004e-01,0.000000000000000000e+00
2.691209549084305763e-03,5.134864633463563166e+01,4.666489651059698152e-01,9.912703972036770450e-01,0.000000000000000000e+00
3.030032617971301079e-03,5.036142772092605924e+01,4.604680734002069009e-01,9.894851804182760446e-01,0.000000000000000000e+00
3.286853199824690819e-03,4.964335770395871350e+01,4.676125068692686404e-01,9.919457237820091811e-01,0.000000000000000000e+00
2.257871208712458611e-03,5.287383278091049732e+01,4.858260600848989808e-01,9.950721264303465929e-01,0.000000000000000000e+00
3.862726502120494843e-03,4.825969632145017840e+01,3.935719879441466063e-01,9.821557702222233344e-01,0.000000000000000000e+00
6.544051226228475571e-03,4.368755875180711712e+01,3.844401635719585930e-01,9.105295237298638433e-01,0.000000000000000000e+00
2.208918100222945213e-03,5.304660758039747748e+01,4.872737572121466632e-01,9.917087250344799321e-01,0.000000000000000000e+00
2.277298597618937492e-03,5.277810230472353936e+01,4.884539299640369703e-01,9.951381377875937462e-01,0.000000000000000000e+00
2.827198244631290436e-03,5.094132777072529450e+01,4.803599449969670476e-01,9.738650131268157262e-01,0.000000000000000000e+00
5.399690475314855576e-03,4.534700445255857204e+01,4.799276972283659237e-01,9.029521214570541687e-01,0.000000000000000000e+00
2.212987514212727547e-03,5.302907444500142731e+01,4.712612843945530039e-01,9.953915921785704279e-01,0.000000000000000000e+00
2.554415958002209663e-03,5.182182703506502008e+01,4.776445769392942964e-01,9.934852929399441424e-01,0.000000000000000000e+00
3.341887844726443291e-03,4.953129676157214334e+01,4.711182069006724649e-01,9.796910501664565230e-01,0.000000000000000000e+00
7.064061705023050308e-03,4.301628448540931515e+01,4.708728942260259065e-01,8.917416240422424423e-01,0.000000000000000000e+00
2.289233030751347542e-03,5.272288878781365895e+01,4.724599024855622442e-01,9.924410614031274891e-01,0.000000000000000000e+00
5.252734292298555374e-03,4.558665148386268839e+01,4.939465405521012431e-01,9.180139016543457098e-01,0.000000000000000000e+00
2.190327038988471031e-03,5.308401809152383066e+01,4.792418500994110597e-01,9.959692732817133631e-01,0.000000000000000000e+00
1.944681513123214245e-03,5.415122243964538029e+01,4.971610502071237003e-01,9.972688206729473093e-01,0.000000000000000000e+00
3.523834748193621635e-03,4.905704452876292976e+01,4.434599079347602557e-01,9.797491962167129698e-01,0.000000000000000000e+00
2.917564241215586662e-03,5.069313943819513213e+01,4.832503800750421186e-01,9.918398538765426098e-01,0.000000000000000000e+00
2.257871208712458611e-03,5.287383278091049732e+01,4.858260600848989808e-01,9.950721264303465929e-01,0.000000000000000000e+00
3.156669670715928078e-03,5.001743283411879304e+01,4.373670463802825092e-01,9.907112616484319290e-01,0.000000000000000000e+00
3.666242817416787148e-03,4.871387610074347663e+01,4.850997184851744137e-01,9.537982052399337496e-01,0.000000000000000000e+00
2.691209549084305763e-03,5.134864633463563166e+01,4.666489651059698152e-01,9.912703972036770450e-01,0.000000000000000000e+00
4.596229176968336105e-03,4.674690255405582917e+01,4.142919153929844889e-01,9.773243388893112504e-01,0.000000000000000000e+00
2.017503371462225914e-03,5.381870827973533267e+01,4.865207950317118057e-01,9.970656060803989584e-01,0.000000000000000000e+00
4.567463416606187820e-03,4.680262972716338510e+01,4.423869858364641305e-01,9.409992035894630957e-01,0.000000000000000000e+00
2.387645188719034195e-03,5.238085266492411307e+01,4.939505325839264605e-01,9.934440318322793617e-01,0.000000000000000000e+00
2.206655452027916908e-03,5.304939508701895789e+01,4.881129017275592230e-01,9.912923258767009083e-01,0.000000000000000000e+00
2.834574552252888680e-03,5.091524499458860475e+01,4.440014277197534831e-01,9.908468093591936698e-01,0.000000000000000000e+00
6.550092715770006180e-03,4.368500517183989729e+01,4.197555327920201584e-01,9.208416361110862702e-01,0.000000000000000000e+00
2.646287903189659119e-03,5.154365105464168550e+01,4.887556482181352746e-01,9.856491082115496072e-01,0.000000000000000000e+00
3.106627613306045532e-03,5.014476244234047186e+01,4.863976985790266494e-01,9.675822399312018485e-01,0.000000000000000000e+00
3.071664599701762199e-03,5.024818285824334652e+01,4.281881492282081925e-01,9.862352418355389005e-01,0.000000000000000000e+00
2.451269188895821571e-03,5.218046084842742971e+01,4.640658726861463523e-01,9.902435797652687777e-01,0.000000000000000000e+00
4.950548056513071060e-03,4.609976503317419372e+01,4.312040293645463263e-01,9.365970330697148682e-01,0.000000000000000000e+00
2.352040028199553490e-03,5.248320738948422814e+01,4.818554459153884806e-01,9.940249347009122438e-01,0.000000000000000000e+00
7.534759584814310074e-03,4.245685190917911456e+01,4.746285846255923757e-01,8.938347506364544559e-01,0.000000000000000000e+00
2.415136434137821198e-03,5.225828959400754314e+01,4.798411033941614723e-01,9.896230509696009037e-01,0.000000000000000000e+00
2.160066505894064903e-03,5.328376917510108512e+01,4.893833466933005805e-01,9.958244302627612399e-01,0.000000000000000000e+00
2.479219576343894005e-03,5.203916169519505530e+01,4.688398566443313098e-01,9.943531096605822128e-01,0.000000000000000000e+00
2.858150051906704903e-03,5.087195902522925195e+01,4.509462290708982635e-01,9.908265035358195805e-01,0.000000000000000000e+00
3.943175543099641800e-03,4.802713510162681132e+01,4.079350567292061025e-01,9.294529418133334886e-01,0.000000000000000000e+00
4.368377383798360825e-03,4.719117525043228056e+01,4.836916792013617461e-01,9.199439843592275290e-01,0.000000000000000000e+00
2.105382503941655159e-03,5.344873403385685151e+01,4.773838026998282191e-01,9.956586309301255211e-01,0.000000000000000000e+00
2.272805431857705116e-03,5.282350410768930971e+01,4.778765981700325294e-01,9.964238631215677211e-01,0.000000000000000000e+00
2.949000569060444832e-03,5.060270959917282596e+01,4.465757924330622797e-01,9.902813968742730788e-01,0.000000000000000000e+00
2.282335190102458000e-03,5.277726824964658903e+01,4.758013350344771353e-01,9.942587920118843847e-01,0.000000000000000000e+00
3.065029159188270569e-03,5.026954853597607809e+01,4.336852120753176831e-01,9.861082980532137610e-01,0.000000000000000000e+00
3.025896148756146431e-03,5.039398721632921507e+01,4.620245661654592273e-01,9.904025662253300721e-01,0.000000000000000000e+00
2.628881251439452171e-03,5.158669773076398002e+01,4.716018411083651718e-01,9.922976080621491723e-01,0.000000000000000000e+00
2.377948490902781487e-03,5.240066837274725486e+01,4.549140142484113802e-01,9.896884619616583834e-01,0.000000000000000000e+00
2.148114144802093506e-03,5.329118492081156688e+01,4.796512171998401075e-01,9.919097311931354133e-01,0.000000000000000000e+00
2.852625912055373192e-03,5.088745189752149400e+01,4.462886438494296226e-01,9.913752088690935826e-01,0.000000000000000000e+00
2.036979189142584801e-03,5.375473206780196023e+01,4.700701479645529868e-01,9.958164719374281715e-01,0.000000000000000000e+00
3.353406675159931183e-03,4.949528891276135312e+01,4.264350143463044307e-01,9.867252941297257607e-01,0.000000000000000000e+00
3.155954182147979736e-03,4.999615399166418683e+01,4.800900869397383697e-01,9.630068164203660075e-01,0.000000000000000000e+00
2.112355781719088554e-03,5.344676850978308380e+01,4.943443538405029591e-01,9.968836985987272747e-01,0.000000000000000000e+00
4.596277605742216110e-03,4.675222374204910381e+01,4.133328468042967718e-01,9.851600416650697634e-01,0.000000000000000000e+00
2.044623019173741341e-03,5.370666886615886426e+01,4.747251703656046318e-01,9.955129844124401828e-01,0.000000000000000000e+00
2.105382503941655159e-03,5.344873403385685151e+01,4.773838026998282191e-01,9.956586309301255211e-01,0.000000000000000000e+00
2.018847269937396049e-03,5.383034664673526493e+01,4.880135983041976044e-01,9.949423218892015086e-01,0.000000000000000000e+00
4.050351213663816452e-03,4.782772771152676228e+01,4.799603082202545390e-01,9.479987336874312609e-01,0.000000000000000000e+00
3.645439865067601204e-03,4.876818884007189325e+01,4.732945548770816635e-01,9.497669826872479071e-01,0.000000000000000000e+00
4.010921344161033630e-03,4.793785919612793123e+01,4.718581799554552592e-01,9.489702409681509687e-01,0.000000000000000000e+00
3.242231905460357666e-03,4.977987872398518476e+01,4.484095096683036741e-01,9.898108626163814039e-01,0.000000000000000000e+00
2.245325595140457153e-03,5.295124740672108032e+01,4.882682043070179501e-01,9.888751523541662314e-01,0.000000000000000000e+00
2.143844030797481537e-03,5.333109660165831656e+01,4.716629066784627788e-01,9.930648834457610485e-01,0.000000000000000000e+00
2.352040028199553490e-03,5.248320738948422814e+01,4.818554459153884806e-01,9.940249347009122438e-01,0.000000000000000000e+00
5.830980837345123291e-03,4.470442174366504418e+01,4.378822126974800111e-01,9.440769397270497576e-01,0.000000000000000000e+00
1.857344992458820343e-03,5.454522429622141999e+01,4.935343453965260196e-01,9.965189294548236765e-01,0.000000000000000000e+00
2.453990513458848000e-03,5.214116348275511115e+01,4.546848869736608845e-01,9.892244249540323997e-01,0.000000000000000000e+00
2.120046876370906830e-03,5.337756117435208125e+01,4.855157144340676578e-01,9.952954524618675691e-01,0.000000000000000000e+00
7.654141169041395187e-03,4.232114784007664099e+01,4.704272631388703441e-01,8.571772239310105901e-01,0.000000000000000000e+00
4.336555022746324539e-03,4.725936857841189465e+01,3.978958239244840267e-01,9.839146581283398918e-01,0.000000000000000000e+00
6.569119635969400406e-03,4.365174124853565729e+01,4.757689424713734128e-01,8.859160947832300792e-01,0.000000000000000000e+00
2.151269465684890747e-03,5.326659252979955284e+01,4.799984251141065639e-01,9.954515359451218126e-01,0.000000000000000000e+00
4.094321280717849731e-03,4.775606064756370017e+01,4.025958521753076336e-01,9.803278618045204729e-01,0.000000000000000000e+00
3.383706090971827507e-03,4.941387395892671464e+01,4.214839749528296320e-01,9.852117391924924972e-01,0.000000000000000000e+00
2.537288935855031013e-03,5.189368317240638362e+01,4.724411455910472735e-01,9.964824199915378600e-01,0.000000000000000000e+00
6.014747545123100281e-03,4.442952482307056528e+01,4.390212816282894059e-01,9.325976714376017496e-01,0.000000000000000000e+00
2.445909427478909492e-03,5.215789335324940623e+01,4.607747346728026661e-01,9.899194346327799821e-01,0.000000000000000000e+00
2.397630130872130394e-03,5.235209159964693981e+01,4.770851257707839910e-01,9.950886739047621887e-01,0.000000000000000000e+00
2.243917202576994896e-03,5.290972245622145920e+01,4.801428124367160266e-01,9.909403936901227672e-01,0.000000000000000000e+00
4.206333309412002563e-03,4.749902873152777261e+01,4.283771284114314959e-01,9.359686531103726947e-01,0.000000000000000000e+00
2.445909427478909492e-03,5.215789335324940623e+01,4.607747346728026661e-01,9.899194346327799821e-01,0.000000000000000000e+00
2.062942367047071457e-03,5.363116840886252845e+01,4.834104936932396845e-01,9.917610487644471506e-01,0.000000000000000000e+00
2.057765610516071320e-03,5.365805820950761529e+01,4.845387182471774246e-01,9.970860421934650830e-01,0.000000000000000000e+00
6.000773981213569641e-03,4.444994170736084271e+01,4.520974043614452431e-01,9.343272077820410360e-01,0.000000000000000000e+00
2.151269465684890747e-03,5.326659252979955284e+01,4.799984251141065639e-01,9.954515359451218126e-01,0.000000000000000000e+00
6.858964916318655014e-03,4.328237089658816217e+01,4.115072760153258291e-01,9.094571986155850496e-01,0.000000000000000000e+00
3.057368798181414604e-03,5.029887967483699640e+01,4.410794195445518207e-01,9.902679102538775036e-01,0.000000000000000000e+00
1.996370730921626091e-03,5.390325491189607732e+01,4.747720633926992839e-01,9.957686117408566240e-01,0.000000000000000000e+00
5.062592681497335434e-03,4.590968603165040918e+01,4.420679004217436536e-01,9.062143923742301821e-01,0.000000000000000000e+00
7.542424369603395462e-03,4.244522400471750245e+01,3.886822838537493108e-01,9.045132819081475040e-01,0.000000000000000000e+00
2.057765610516071320e-03,5.365805820950761529e+01,4.845387182471774246e-01,9.970860421934650830e-01,0.000000000000000000e+00
2.062942367047071457e-03,5.363116840886252845e+01,4.834104936932396845e-01,9.917610487644471506e-01,0.000000000000000000e+00
2.879202365875244141e-03,5.081765923991127920e+01,4.809657252949646744e-01,9.728909847552374979e-01,0.000000000000000000e+00
2.997833536937832832e-03,5.047025057736951226e+01,4.563885480677516426e-01,9.813956613662225825e-01,0.000000000000000000e+00
2.591987140476703644e-03,5.171171147145155089e+01,4.482915852414666724e-01,9.923980484823166082e-01,0.000000000000000000e+00
2.239736495539546013e-03,5.290577624542692803e+01,4.806968264940740809e-01,9.950969615297537985e-01,0.000000000000000000e+00
4.075362347066402435e-03,4.779909435030116072e+01,4.893836262296278328e-01,9.536091431098242532e-01,0.000000000000000000e+00
3.959465771913528442e-03,4.805103019806207953e+01,4.775224017159908629e-01,9.611448625173087956e-01,0.000000000000000000e+00
3.323443932458758354e-03,4.956674733810409350e+01,4.939200571423651431e-01,9.779252171852754749e-01,0.000000000000000000e+00
2.151269465684890747e-03,5.326659252979955284e+01,4.799984251141065639e-01,9.954515359451218126e-01,0.000000000000000000e+00
2.011623000726103783e-03,5.385647495221955694e+01,4.958904303815577230e-01,9.974317312595409879e-01,0.000000000000000000e+00
3.780365688726305962e-03,4.845051707628932292e+01,4.035404143131766097e-01,9.820423709659776845e-01,0.000000000000000000e+00
2.044623019173741341e-03,5.370666886615886426e+01,4.747251703656046318e-01,9.955129844124401828e-01,0.000000000000000000e+00
3.513678675517439842e-03,4.907583321872579063e+01,4.152694415859334853e-01,9.832919429905689901e-01,0.000000000000000000e+00
2.011623000726103783e-03,5.385647495221955694e+01,4.958904303815577230e-01,9.974317312595409879e-01,0.000000000000000000e+00
2.331138355657458305e-03,5.258214252704615888e+01,4.791399976332965660e-01,9.902846935564179054e-01,0.000000000000000000e+00
7.950199767947196960e-03,4.199119851887517285e+01,4.767869923767907303e-01,8.643208364852137393e-01,0.000000000000000000e+00
3.650768427178263664e-03,4.873339898487866861e+01,4.687980844723971252e-01,9.733674114891318618e-01,0.000000000000000000e+00
2.420507604256272316e-03,5.223866325623447437e+01,4.709593327047065237e-01,9.895850643656132206e-01,0.000000000000000000e+00
5.980052053928375244e-03,4.446961816844285664e+01,4.551918864572502277e-01,8.787375427440643483e-01,0.000000000000000000e+00
2.930609509348869324e-03,5.064873214685954395e+01,4.486654526698747314e-01,9.867361471843375531e-01,0.000000000000000000e+00
2.120046876370906830e-03,5.337756117435208125e+01,4.855157144340676578e-01,9.952954524618675691e-01,0.000000000000000000e+00
4.631504882127046585e-03,4.668468729125329020e+01,4.249165686627803251e-01,9.606401082090340049e-01,0.000000000000000000e+00
2.352040028199553490e-03,5.248320738948422814e+01,4.818554459153884806e-01,9.940249347009122438e-01,0.000000000000000000e+00
3.733890363946557045e-03,4.855063654747546309e+01,4.154278526682612660e-01,9.816863602835814717e-01,0.000000000000000000e+00
3.969268873333930969e-03,4.801998792839957275e+01,4.317794383774467559e-01,9.769166004255628311e-01,0.000000000000000000e+00
5.333780776709318161e-03,4.545490128099395832e+01,4.820205221795850759e-01,8.946813836010361065e-01,0.000000000000000000e+00
2.242918824777007103e-03,5.292098446489825392e+01,4.771710886650775141e-01,9.945268525125934289e-01,0.000000000000000000e+00
2.243917202576994896e-03,5.290972245622145920e+01,4.801428124367160266e-01,9.909403936901227672e-01,0.000000000000000000e+00
3.706984221935272217e-03,4.861311529356090944e+01,4.121620392212037021e-01,9.815979233569152029e-01,0.000000000000000000e+00
4.006873350590467453e-03,4.793530482919397429e+01,4.495581385409935238e-01,9.852135465749221055e-01,0.000000000000000000e+00
2.318162471055984497e-03,5.265714326912893029e+01,4.790677518191341910e-01,9.963264578558322926e-01,0.000000000000000000e+00
3.420661902055144310e-03,4.931345583521603260e+01,4.586932861504516290e-01,9.489945981797806018e-01,0.000000000000000000e+00
2.163769444450736046e-03,5.320991436763201676e+01,4.722233206819053120e-01,9.953785592139233751e-01,0.000000000000000000e+00
