-1.146703129266227065e-03,8.975176886238055829e+01,5.895339768974240258e+01,1.000000000000000000e+00
-6.917911743670646010e-04,8.974478059581781508e+01,5.890235581728452985e+01,1.000000000000000000e+00
-5.403047459585870460e-03,8.975658251896248885e+01,5.894176504987036225e+01,1.000000000000000000e+00
7.997877585491986949e-03,8.975236344474149064e+01,5.961221137013281890e+01,1.000000000000000000e+00
1.808056585397827161e-03,8.975243821841880276e+01,5.900523275591034178e+01,1.000000000000000000e+00
2.966914612723358519e-02,8.973429282707606092e+01,6.180395977624574044e+01,1.000000000000000000e+00
3.232054839686216655e-03,8.974761002074389182e+01,5.863065544829271403e+01,1.000000000000000000e+00
-3.347008121003114812e-04,8.975317285721595795e+01,5.901232603433564350e+01,1.000000000000000000e+00
1.116977419330131109e-02,8.974139558540557005e+01,5.949500874395491223e+01,1.000000000000000000e+00
-5.518320063707415381e-03,8.975015027139784252e+01,5.882639846422640062e+01,1.000000000000000000e+00
8.206384959914505466e-04,8.975414146059688392e+01,5.901004136426074353e+01,1.000000000000000000e+00
2.207361944097551570e-02,8.974164902094834417e+01,5.985676630696726619e+01,1.000000000000000000e+00
4.856856763163602819e-02,8.974860220879371298e+01,6.210932490270134565e+01,1.000000000000000000e+00
1.493169241942737813e-02,8.972927477342059888e+01,5.976205547811692043e+01,1.000000000000000000e+00
4.769594111924659909e-03,8.974668250273408887e+01,5.936818939696627240e+01,1.000000000000000000e+00
-1.952716711851184943e-03,8.974338795035730243e+01,5.888450056082640316e+01,1.000000000000000000e+00
1.067575139400635080e-02,8.975292781733530489e+01,5.923563116261657768e+01,1.000000000000000000e+00
1.083634815727963115e-02,8.974363820727324992e+01,5.978118944078399011e+01,1.000000000000000000e+00
1.425289324538802781e-04,8.975231211060368253e+01,5.882063665337851432e+01,1.000000000000000000e+00
1.184052549013581666e-02,8.974063988964762473e+01,5.984698806562746398e+01,1.000000000000000000e+00
-1.604817976305818661e-03,8.976275900647230799e+01,5.893044511727787693e+01,1.000000000000000000e+00
2.066367452283358191e-02,8.974493720922875184e+01,5.974338273157150780e+01,1.000000000000000000e+00
1.422821200373978155e-02,8.976297650300969622e+01,5.919155341366997902e+01,1.000000000000000000e+00
3.094945310479587514e-02,8.973780004836770274e+01,6.103627368554879240e+01,1.000000000000000000e+00
3.156462753533918059e-02,8.973731393336451845e+01,6.189564780988319370e+01,1.000000000000000000e+00
1.578711850646587894e-03,8.974386983827506015e+01,5.896210369168734644e+01,1.000000000000000000e+00
2.257847976576415200e-02,8.975518414465126682e+01,5.987155012769538587e+01,1.000000000000000000e+00
1.141683525490712683e-02,8.974751057673339005e+01,5.942098499454517224e+01,1.000000000000000000e+00
2.284406150638327096e-02,8.974647840677944544e+01,5.995771141408886251e+01,1.000000000000000000e+00
1.711769378579879736e-02,8.974317807977426753e+01,6.014079826830246844e+01,1.000000000000000000e+00
2.650101154678002197e-02,8.973981769100505801e+01,6.093332406442151949e+01,1.000000000000000000e+00
1.944330269407943193e-02,8.975548641939334971e+01,5.989523146139964638e+01,1.000000000000000000e+00
-1.577667300065452565e-03,8.974552847442485870e+01,5.918713163663188936e+01,1.000000000000000000e+00
-6.282633182093166424e-04,8.976484885493047727e+01,5.824782016005823237e+01,1.000000000000000000e+00
1.421815967925328661e-02,8.974357315112941080e+01,5.980317791236184632e+01,1.000000000000000000e+00
3.966080920089506273e-02,8.971404712350521038e+01,6.142972500934643421e+01,1.000000000000000000e+00
2.023801929207882499e-03,8.972587264327786727e+01,5.900503739659573910e+01,1.000000000000000000e+00
7.176247550448826458e-03,8.975762987258151782e+01,5.916538930526029105e+01,1.000000000000000000e+00
1.598913249127612707e-02,8.973535832904975962e+01,5.950976595200189934e+01,1.000000000000000000e+00
-2.977456111471302527e-03,8.976086404157109655e+01,5.871499362133396005e+01,1.000000000000000000e+00
-8.951494475813700016e-04,8.976286136870429289e+01,5.869355064677699119e+01,1.000000000000000000e+00
1.812147003955341760e-03,8.975240137510121485e+01,5.904931023277985958e+01,1.000000000000000000e+00
7.778004222852130667e-03,8.974216036029429233e+01,5.935077235315140598e+01,1.000000000000000000e+00
3.840360530104257927e-03,8.977028606464118354e+01,5.888722187311279299e+01,1.000000000000000000e+00
3.581592246894318553e-03,8.974638241609619627e+01,5.900656028280539545e+01,1.000000000000000000e+00
3.254002544781833817e-02,8.971855924069463128e+01,6.129403476196095824e+01,1.000000000000000000e+00
7.304105830680732506e-03,8.975970327362431078e+01,5.930517829432780275e+01,1.000000000000000000e+00
1.450195392990142641e-02,8.974591792160018144e+01,5.983106652721355090e+01,1.000000000000000000e+00
1.303166317819228967e-02,8.976405811963786618e+01,5.935488527806218428e+01,1.000000000000000000e+00
-3.606493964030414636e-04,8.975828882334322145e+01,5.904678673655059384e+01,1.000000000000000000e+00
3.239299578071432040e-02,8.973232064633822347e+01,6.059517791487655813e+01,1.000000000000000000e+00
8.688226789278320284e-04,8.975352270409031519e+01,5.887299502862752121e+01,1.000000000000000000e+00
5.195407134816838659e-04,8.974504851676927331e+01,5.889457406144487095e+01,1.000000000000000000e+00
4.266004306121320457e-03,8.975474161275543850e+01,5.886338514377325026e+01,1.000000000000000000e+00
3.367913841376837802e-02,8.973477628070426704e+01,6.146202261175160686e+01,1.000000000000000000e+00
1.826925987484543518e-02,8.972644943831168973e+01,5.957817830907561785e+01,1.000000000000000000e+00
7.525064269063714596e-03,8.974729781459683409e+01,5.930457824681688095e+01,1.000000000000000000e+00
3.360818984878206905e-02,8.974253865286910070e+01,6.203772710039802973e+01,1.000000000000000000e+00
1.472980385274379883e-02,8.972924916795707873e+01,5.960761163140566765e+01,1.000000000000000000e+00
2.838401708944623611e-02,8.974071793169291311e+01,6.127466529630411429e+01,1.000000000000000000e+00
1.072127110173465639e-02,8.973943196579485004e+01,5.969324996292438357e+01,1.000000000000000000e+00
6.872543201126481149e-02,8.972867942606119129e+01,6.489755367927872953e+01,1.000000000000000000e+00
-7.167325977027502303e-04,8.975591030868270082e+01,5.917428792288067996e+01,1.000000000000000000e+00
-3.554355022825404255e-03,8.975116330447252722e+01,5.906323689087493278e+01,1.000000000000000000e+00
-3.997775550625340532e-04,8.975542466351784299e+01,5.890505952070559204e+01,1.000000000000000000e+00
1.233720523504964854e-02,8.972385943217796012e+01,5.952344465996709033e+01,1.000000000000000000e+00
-7.655003878578092507e-04,8.976203411938833199e+01,5.867094802741679160e+01,1.000000000000000000e+00
-3.363514937651748520e-03,8.973525660280705551e+01,5.864526004079871058e+01,1.000000000000000000e+00
2.073746883379518069e-02,8.974664613693404647e+01,5.975901508463764600e+01,1.000000000000000000e+00
2.859402426820670251e-02,8.973781719244135502e+01,6.040118442337296756e+01,1.000000000000000000e+00
6.531803172181366302e-02,8.972558413716718917e+01,6.490396877316091206e+01,1.000000000000000000e+00
3.752447636280735466e-03,8.975313715216424271e+01,5.943286955536488847e+01,1.000000000000000000e+00
7.091729883280541331e-03,8.974972586981712652e+01,5.959423595269073815e+01,1.000000000000000000e+00
-4.695688452037573117e-03,8.973768685502921016e+01,5.891364055858949200e+01,1.000000000000000000e+00
3.708937289160935818e-02,8.973676760409233566e+01,6.193831151538447699e+01,1.000000000000000000e+00
2.590372318492850656e-02,8.974572714109326910e+01,6.056375292875572569e+01,1.000000000000000000e+00
7.974425073573989178e-03,8.975054874717389453e+01,5.884734140155705973e+01,1.000000000000000000e+00
1.528168258424361658e-02,8.973702601483060448e+01,6.008910301700521472e+01,1.000000000000000000e+00
-1.271464019296989606e-04,8.975881532943364505e+01,5.852880421315877157e+01,1.000000000000000000e+00
6.579679384150364033e-03,8.974966043911837232e+01,5.913646477424670422e+01,1.000000000000000000e+00
1.933420385204137268e-02,8.974004609947839128e+01,6.036937609335758026e+01,1.000000000000000000e+00
2.488010705729904251e-02,8.973120129146957424e+01,6.068793925632614616e+01,1.000000000000000000e+00
2.560141952756229272e-02,8.975016031132402361e+01,6.058504375323060742e+01,1.000000000000000000e+00
1.739063907240023885e-03,8.975238666253336817e+01,5.886837542823650438e+01,1.000000000000000000e+00
4.981342427756232059e-03,8.975769600505903156e+01,5.889129136925625119e+01,1.000000000000000000e+00
1.034543533135633651e-02,8.974451250732298035e+01,5.981617631805457336e+01,1.000000000000000000e+00
-1.950267107621402561e-03,8.976738417396376235e+01,5.854268643033699249e+01,1.000000000000000000e+00
4.720079479009728872e-03,8.974246078951789229e+01,5.887111525104237586e+01,1.000000000000000000e+00
2.770725211227481263e-02,8.973264275074298268e+01,6.057267746326148483e+01,1.000000000000000000e+00
3.048695278978972439e-03,8.973465090976868908e+01,5.900231553838382581e+01,1.000000000000000000e+00
2.669028028654462856e-03,8.976992012362752860e+01,5.850595280154790601e+01,1.000000000000000000e+00
-2.589534960855280864e-03,8.974106237669890618e+01,5.885756705093139374e+01,1.000000000000000000e+00
8.858035795802862711e-02,8.971313751895750954e+01,6.582083869979419433e+01,1.000000000000000000e+00
1.726959757060183556e-03,8.974924854430381060e+01,5.921247712348986880e+01,1.000000000000000000e+00
7.974151694608315813e-03,8.975190816598836818e+01,5.982755108228147378e+01,1.000000000000000000e+00
1.127626603741137441e-02,8.974651779091313131e+01,5.916398293520089879e+01,1.000000000000000000e+00
9.881778019878689322e-04,8.975481969398443027e+01,5.860733559899368572e+01,1.000000000000000000e+00
1.915405127756742223e-02,8.976299832146733593e+01,5.939323887893061027e+01,1.000000000000000000e+00
-4.333672859836698371e-04,8.975289194065545928e+01,5.884045885152283262e+01,1.000000000000000000e+00
2.317612718316605994e-03,8.975390222039396804e+01,5.869354173334271252e+01,1.000000000000000000e+00
-3.306623116166040183e-03,8.976073757488644844e+01,5.869023468590672366e+01,1.000000000000000000e+00
1.293348212902582610e-02,8.975710282550954844e+01,5.956255521865494984e+01,1.000000000000000000e+00
3.038529550394321321e-02,8.974355047767971882e+01,6.031539144060615598e+01,1.000000000000000000e+00
-5.261541780588028681e-04,8.975781561548036791e+01,5.846917411150045041e+01,1.000000000000000000e+00
-2.036255319324302947e-03,8.975377499456648422e+01,5.863441084926370195e+01,1.000000000000000000e+00
-5.444778727995288128e-03,8.974113708541918299e+01,5.888762451273868237e+01,1.000000000000000000e+00
8.708250669975731856e-03,8.972433001229916272e+01,5.951933462466182334e+01,1.000000000000000000e+00
1.236122562758575419e-02,8.974888686834138696e+01,5.995450999274047632e+01,1.000000000000000000e+00
4.931603610254868021e-03,8.975743879191452379e+01,5.936528849890380855e+01,1.000000000000000000e+00
1.507497047908440586e-02,8.974597848397084476e+01,5.934980475722198179e+01,1.000000000000000000e+00
2.357948942221784264e-02,8.974175539578016014e+01,6.045232899213200284e+01,1.000000000000000000e+00
1.531848875309476006e-02,8.974793064177734436e+01,5.981295155680648179e+01,1.000000000000000000e+00
-6.311362137161743817e-03,8.975387562684797160e+01,5.874414779744305548e+01,1.000000000000000000e+00
3.842290263024674573e-04,8.975734426569410118e+01,5.891501541459506086e+01,1.000000000000000000e+00
2.275058301006404465e-02,8.974422105566823404e+01,5.972830186107050565e+01,1.000000000000000000e+00
1.860425076899285520e-03,8.975332035332429825e+01,5.939280579386144154e+01,1.000000000000000000e+00
1.184569517232768017e-03,8.976700827437574048e+01,5.884329182581154782e+01,1.000000000000000000e+00
1.010574494892347609e-02,8.973513806846911223e+01,5.943807913629609629e+01,1.000000000000000000e+00
-9.931099110171558598e-04,8.974750809487144920e+01,5.860530041535638190e+01,1.000000000000000000e+00
5.399149224505689001e-03,8.976267275756951847e+01,5.916249202066384782e+01,1.000000000000000000e+00
-4.671459350674024742e-03,8.974873316956436042e+01,5.885806470928188361e+01,1.000000000000000000e+00
8.275682029000315087e-04,8.976581099100273775e+01,5.873271769893172234e+01,1.000000000000000000e+00
1.313750146752919699e-02,8.974273162647180868e+01,6.017912191145572365e+01,1.000000000000000000e+00
-2.513637393878959819e-03,8.976100792198613476e+01,5.876532720525010234e+01,1.000000000000000000e+00
1.701467721251497672e-02,8.973665189512988150e+01,5.985047554075349296e+01,1.000000000000000000e+00
7.481398616071549545e-02,8.972569021219159424e+01,6.474592636124154410e+01,1.000000000000000000e+00
-4.740872339016454916e-04,8.975528844068814749e+01,5.892433952398360475e+01,1.000000000000000000e+00
-3.408378995266124825e-03,8.975108458965888758e+01,5.874776511911663590e+01,1.000000000000000000e+00
4.943588442367869394e-03,8.973656807397971136e+01,5.915719870286825710e+01,1.000000000000000000e+00
7.263687186630282851e-03,8.975202138329306933e+01,5.928146860876822188e+01,1.000000000000000000e+00
8.586151734543464448e-03,8.975002197606528398e+01,5.950798376670896772e+01,1.000000000000000000e+00
-1.435015490339100908e-03,8.976469983543081810e+01,5.869623834665608797e+01,1.000000000000000000e+00
1.430632501246053168e-03,8.975127372168608986e+01,5.878612414600263492e+01,1.000000000000000000e+00
1.292980337896333036e-04,8.973778075931815579e+01,5.915853462215605418e+01,1.000000000000000000e+00
-1.395152051747050419e-03,8.976092540491080740e+01,5.856186231433498079e+01,1.000000000000000000e+00
4.738498297451211941e-03,8.975250236164271200e+01,5.897468937836438840e+01,1.000000000000000000e+00
9.696412522454107494e-03,8.974838056515352491e+01,5.933025439343947482e+01,1.000000000000000000e+00
2.120590826903857775e-03,8.975617080582853191e+01,5.905352332360429557e+01,1.000000000000000000e+00
7.970787749262499061e-05,8.975194477609753108e+01,5.877387852971604332e+01,1.000000000000000000e+00
1.047215883618226977e-02,8.974673549820214191e+01,5.957264001098024409e+01,1.000000000000000000e+00
-1.050650115341799674e-03,8.975792071916622206e+01,5.874960416504896443e+01,1.000000000000000000e+00
1.430520301304639887e-03,8.973772713205568152e+01,5.881405981658579663e+01,1.000000000000000000e+00
1.479202759453500902e-02,8.974395552850400293e+01,5.965027037499317686e+01,1.000000000000000000e+00
1.462947924539234439e-02,8.975812070662998110e+01,5.941862748467370636e+01,1.000000000000000000e+00
-5.925562436551068402e-03,8.974897185188576998e+01,5.869825913985363286e+01,1.000000000000000000e+00
6.903774558099011471e-02,8.974123966819422549e+01,6.353288831255790114e+01,1.000000000000000000e+00
1.546898491319596012e-03,8.974917364087238525e+01,5.901077542705362333e+01,1.000000000000000000e+00
-1.201399376174076827e-03,8.975682722904987543e+01,5.899927174351130787e+01,1.000000000000000000e+00
4.906552254652782330e-02,8.973198330886555141e+01,6.355870054406800307e+01,1.000000000000000000e+00
3.799508120539562325e-03,8.973686468838779717e+01,5.890009984089492434e+01,1.000000000000000000e+00
1.129204182401489500e-03,8.973577061953811551e+01,5.911334586537419966e+01,1.000000000000000000e+00
1.502123479183726205e-02,8.973682698032530425e+01,5.972302666251568581e+01,1.000000000000000000e+00
2.255263352339142296e-02,8.972486370587201066e+01,6.021642969806485723e+01,1.000000000000000000e+00
-4.422430958573601335e-03,8.975000090349003301e+01,5.871583141331105082e+01,1.000000000000000000e+00
2.124953834577146539e-02,8.973951029577740712e+01,5.988254874988145104e+01,1.000000000000000000e+00
-2.803328453251500464e-04,8.973774351427795182e+01,5.880856804573519270e+01,1.000000000000000000e+00
-2.152812907942748804e-03,8.975447659334409423e+01,5.897861592909953998e+01,1.000000000000000000e+00
1.894951451528923596e-03,8.975399805920743290e+01,5.867683947076368867e+01,1.000000000000000000e+00
6.465309781438487733e-04,8.975037973694790594e+01,5.884707360240598462e+01,1.000000000000000000e+00
2.999112624381410422e-02,8.973798861235192703e+01,6.159577063671791564e+01,1.000000000000000000e+00
9.130751092501238758e-03,8.974103534870590693e+01,5.980477692892436892e+01,1.000000000000000000e+00
1.430096763396435751e-03,8.975119088732043338e+01,5.882297036043610206e+01,1.000000000000000000e+00
2.120226694567338421e-02,8.973478752271338976e+01,5.980274798646070167e+01,1.000000000000000000e+00
8.030324322058761963e-04,8.974710012893010003e+01,5.880351761771379415e+01,1.000000000000000000e+00
7.375845691842285515e-03,8.975712812963877241e+01,5.913552520910772614e+01,1.000000000000000000e+00
-1.737896998694232406e-03,8.975609161904019118e+01,5.900615374445149541e+01,1.000000000000000000e+00
7.850698803875248190e-04,8.974797626004682627e+01,5.874815828379028204e+01,1.000000000000000000e+00
2.680799230971370704e-03,8.975679863423458471e+01,5.857766703189543733e+01,1.000000000000000000e+00
1.836961570881525448e-03,8.973911961596333242e+01,5.911452065520079913e+01,1.000000000000000000e+00
-1.037141336374261882e-03,8.977593500619100553e+01,5.880316584699644977e+01,1.000000000000000000e+00
-1.278475007102123848e-03,8.975207404383210985e+01,5.869841583253345618e+01,1.000000000000000000e+00
1.111264495353223893e-02,8.974382822609774735e+01,5.973945211930120536e+01,1.000000000000000000e+00
5.373790261179298491e-03,8.974021869396861462e+01,5.938162128714826338e+01,1.000000000000000000e+00
-2.969207465107498271e-03,8.975393286500695922e+01,5.920887938733577016e+01,1.000000000000000000e+00
-8.691257698360681542e-04,8.975797731046814931e+01,5.891859846197293393e+01,1.000000000000000000e+00
-7.610468911986663712e-03,8.975850683492637927e+01,5.847549840506375318e+01,1.000000000000000000e+00
4.700403239156296896e-03,8.973922556620124169e+01,5.899666245252633701e+01,1.000000000000000000e+00
3.247533310082745435e-03,8.974488329262149477e+01,5.913206557230817850e+01,1.000000000000000000e+00
2.879929020968949489e-03,8.975421087749685967e+01,5.886620603481478753e+01,1.000000000000000000e+00
2.372214961388152341e-03,8.975288444586787762e+01,5.896514924593928697e+01,1.000000000000000000e+00
2.554728502197187168e-02,8.973958600253878615e+01,6.017232427174390352e+01,1.000000000000000000e+00
3.287531147247831770e-02,8.973738768127859089e+01,6.075927407830870663e+01,1.000000000000000000e+00
9.794603640600651334e-03,8.976353360050291030e+01,5.906664405147195396e+01,1.000000000000000000e+00
-8.437299746469444084e-04,8.977047685440142288e+01,5.873899442317629394e+01,1.000000000000000000e+00
-6.179566516887231853e-03,8.976253978435065051e+01,5.901935712817547142e+01,1.000000000000000000e+00
1.464880959793225801e-02,8.974328504615387203e+01,5.971074753396053580e+01,1.000000000000000000e+00
5.090027763819229660e-03,8.976027708160570739e+01,5.867869775446257563e+01,1.000000000000000000e+00
1.808591753258324483e-02,8.974549484918520648e+01,5.967793844813733273e+01,1.000000000000000000e+00
-1.127851421150556513e-03,8.974298894597058052e+01,5.924073467163367468e+01,1.000000000000000000e+00
3.085218925760144573e-03,8.974679586410769616e+01,5.903328352752097175e+01,1.000000000000000000e+00
2.387166664737035496e-02,8.975444409323911543e+01,6.046967532507689214e+01,1.000000000000000000e+00
2.923496549528834150e-03,8.974310158141875604e+01,5.908354883591997009e+01,1.000000000000000000e+00
3.395976445611571110e-02,8.975546705241799827e+01,5.998642442504618799e+01,1.000000000000000000e+00
3.991888790445417205e-04,8.974937392360963884e+01,5.879644088011499292e+01,1.000000000000000000e+00
-5.443444052591372637e-03,8.975548922769073101e+01,5.883039956326942388e+01,1.000000000000000000e+00
7.803581266174659109e-03,8.975908395352612956e+01,5.913564323574937021e+01,1.000000000000000000e+00
9.753260284077354663e-04,8.974862367507842009e+01,5.880661640533867285e+01,1.000000000000000000e+00
-3.079425049257712710e-03,8.974799322853628780e+01,5.894111465111524240e+01,1.000000000000000000e+00
2.639212935281000719e-02,8.972056109067042939e+01,6.063354135165886305e+01,1.000000000000000000e+00
1.008218036147973085e-04,8.975310671143054719e+01,5.930336732270812661e+01,1.000000000000000000e+00
-2.816893422006965398e-03,8.975393628727594830e+01,5.879538226133745127e+01,1.000000000000000000e+00
6.496009143832470745e-03,8.973165337003418074e+01,5.910324620945743845e+01,1.000000000000000000e+00
1.148114505400843824e-02,8.974487530550429426e+01,5.954411409771053343e+01,1.000000000000000000e+00
1.885556105037757002e-02,8.972391584907569495e+01,5.948875239362362066e+01,1.000000000000000000e+00
8.452731384117577592e-04,8.975055848537287773e+01,5.873743357548668342e+01,1.000000000000000000e+00
-5.919830690792025202e-03,8.976393887432762142e+01,5.862059845917792700e+01,1.000000000000000000e+00
1.726648724669139004e-02,8.973899939340145693e+01,5.977531721973325318e+01,1.000000000000000000e+00
2.291696654511006861e-02,8.975893501855470902e+01,5.936787165247526588e+01,1.000000000000000000e+00
2.178488347336677775e-02,8.974899866161561590e+01,6.032519515873210025e+01,1.000000000000000000e+00
1.516755304062752420e-02,8.973386543057996789e+01,5.981328236883403093e+01,1.000000000000000000e+00
1.165689238359989867e-03,8.975283492702000387e+01,5.933073495926875296e+01,1.000000000000000000e+00
-5.159543937309493200e-04,8.975005015601104219e+01,5.868319097329123935e+01,1.000000000000000000e+00
1.949663610044406184e-03,8.974742140056318362e+01,5.919445015109221941e+01,1.000000000000000000e+00
8.818234466669136809e-03,8.973122558342207356e+01,5.982049451719717581e+01,1.000000000000000000e+00
6.562959916529259759e-03,8.974773886064767225e+01,5.929729809525038320e+01,1.000000000000000000e+00
2.132742602246835012e-02,8.974439869325799179e+01,6.006480419085615807e+01,1.000000000000000000e+00
8.757617028238783366e-03,8.974504764407429036e+01,5.941777986938299705e+01,1.000000000000000000e+00
-4.060076992261772884e-03,8.976606503961500039e+01,5.884117107159444515e+01,1.000000000000000000e+00
-6.740410082252858669e-03,8.975820000820604605e+01,5.882114735445040310e+01,1.000000000000000000e+00
4.531521194706105565e-03,8.977059448161068644e+01,5.882329104477654624e+01,1.000000000000000000e+00
5.108465398370488041e-03,8.975576005874832219e+01,5.919187131240817479e+01,1.000000000000000000e+00
8.188912955382841863e-03,8.974463783476555534e+01,5.937109015032457648e+01,1.000000000000000000e+00
-7.088427326355705924e-03,8.974707290804117576e+01,5.891535985324929925e+01,1.000000000000000000e+00
1.814696571607773631e-02,8.975268739403284712e+01,5.957978402783781036e+01,1.000000000000000000e+00
1.461155675887126915e-02,8.974304957531342097e+01,5.980523929393656601e+01,1.000000000000000000e+00
-7.883015979122498084e-04,8.975435786884834499e+01,5.907700583333050304e+01,1.000000000000000000e+00
1.146425861370103461e-03,8.974928765340497705e+01,5.912005087274877724e+01,1.000000000000000000e+00
1.098060637874273375e-02,8.974314401778617878e+01,5.951048626044108403e+01,1.000000000000000000e+00
1.655110551053795261e-03,8.976788390843861976e+01,5.849028635400561171e+01,1.000000000000000000e+00
-2.051673995278405216e-03,8.975596631499824696e+01,5.888452254213817127e+01,1.000000000000000000e+00
9.517742070392895548e-03,8.976554601098683861e+01,5.906312159206819246e+01,1.000000000000000000e+00
5.400383972477820413e-03,8.974826803703670919e+01,5.941639337240913932e+01,1.000000000000000000e+00
3.221178992482471443e-02,8.973253653184849554e+01,6.193281702955319190e+01,1.000000000000000000e+00
1.330129781652592512e-02,8.975467694791238671e+01,5.963967584080361206e+01,1.000000000000000000e+00
6.603832196887258685e-03,8.974784317722306071e+01,5.986622004177236533e+01,1.000000000000000000e+00
1.072356671365150976e-02,8.973784472930169898e+01,5.949917049300484706e+01,1.000000000000000000e+00
1.182116705112247999e-02,8.975926020485022150e+01,5.956503750863718238e+01,1.000000000000000000e+00
8.847710229377926325e-03,8.974846840809550486e+01,5.938664508399227060e+01,1.000000000000000000e+00
1.029922549803835661e-03,8.976588488168334834e+01,5.866597780645619764e+01,1.000000000000000000e+00
-7.036771131152802852e-03,8.976299054304463709e+01,5.857989839078202010e+01,1.000000000000000000e+00
6.041555632108587363e-03,8.974833955877993219e+01,5.885153119100520769e+01,1.000000000000000000e+00
-3.066148828813837750e-03,8.973550495784151337e+01,5.883859936808261182e+01,1.000000000000000000e+00
3.368748043613314924e-02,8.971843234260494171e+01,6.115148558228781894e+01,1.000000000000000000e+00
2.971308347711221123e-03,8.974773417814655829e+01,5.886738967828510027e+01,1.000000000000000000e+00
3.565459664833033667e-03,8.974615838542159452e+01,5.908002550506850525e+01,1.000000000000000000e+00
8.103769959542919676e-02,8.972941736706196991e+01,6.432815289015329085e+01,1.000000000000000000e+00
2.618677295260610043e-03,8.975686331835055398e+01,5.887304556352363250e+01,1.000000000000000000e+00
1.206643757881304367e-02,8.973665331505600307e+01,5.961981930666955520e+01,1.000000000000000000e+00
2.016642676468134894e-03,8.974739171163007256e+01,5.925743863393374511e+01,1.000000000000000000e+00
1.243761150083830258e-03,8.975027001940026139e+01,5.909177859937388178e+01,1.000000000000000000e+00
3.988916939425621831e-03,8.973379386466999108e+01,5.871234442443938661e+01,1.000000000000000000e+00
2.009081363019231663e-03,8.976453541799355662e+01,5.908885384171962585e+01,1.000000000000000000e+00
7.605701882377552620e-04,8.973050113945906503e+01,5.872941448882392024e+01,1.000000000000000000e+00
6.461013119358712843e-04,8.976825742938655139e+01,5.881346418186720371e+01,1.000000000000000000e+00
1.162488953598453736e-02,8.973948278070506035e+01,5.963112285882818497e+01,1.000000000000000000e+00
4.762809349528456665e-02,8.974761435058110237e+01,6.239970246826446498e+01,1.000000000000000000e+00
1.048270617924496918e-02,8.975736508603814912e+01,5.928829128654043501e+01,1.000000000000000000e+00
-1.280142425036205839e-03,8.974927637639984823e+01,5.907431401466728005e+01,1.000000000000000000e+00
2.806056228873636971e-03,8.975100954768493011e+01,5.872609475052705363e+01,1.000000000000000000e+00
6.729183596168292376e-03,8.975837255642420587e+01,5.958258638623132697e+01,1.000000000000000000e+00
4.678529492788824893e-04,8.972354837804560646e+01,5.890677205065470901e+01,1.000000000000000000e+00
2.569169818868519053e-03,8.975404086647415625e+01,5.891184433583264024e+01,1.000000000000000000e+00
-5.714805625519263875e-03,8.975326454129279341e+01,5.878491911181613716e+01,1.000000000000000000e+00
1.658685746760606844e-02,8.974293181534666530e+01,5.983930058415779030e+01,1.000000000000000000e+00
9.775276055965791307e-04,8.974673907807900264e+01,5.890234983171190919e+01,1.000000000000000000e+00
9.991702855651755921e-03,8.974966331130825381e+01,5.954450789016203061e+01,1.000000000000000000e+00
5.169088585442194357e-03,8.976364746997721511e+01,5.868810758864904642e+01,1.000000000000000000e+00
9.415375266486730385e-03,8.974386792599960927e+01,5.930511877838810619e+01,1.000000000000000000e+00
-1.985548690807869415e-03,8.975384032027915282e+01,5.885144615024333348e+01,1.000000000000000000e+00
1.544408835940428056e-02,8.974620148339863590e+01,5.942773039080332609e+01,1.000000000000000000e+00
1.367521728449605858e-02,8.973548862263267267e+01,5.972770510673508682e+01,1.000000000000000000e+00
2.281747509969459659e-03,8.975356702595331626e+01,5.890468595392115247e+01,1.000000000000000000e+00
-2.793093144598190591e-03,8.977164308306412011e+01,5.860857171166864532e+01,1.000000000000000000e+00
1.479224034980491410e-02,8.975674224582620297e+01,5.971086379941990430e+01,1.000000000000000000e+00
7.828229081745834844e-03,8.975848838287380715e+01,5.913168694729790076e+01,1.000000000000000000e+00
-2.870218149114583863e-03,8.974806948421860398e+01,5.903878068283184888e+01,1.000000000000000000e+00
7.448498354603446878e-03,8.973275626682200823e+01,5.914552581696953837e+01,1.000000000000000000e+00
1.404058159591720263e-02,8.974031136134175313e+01,5.950181693533177452e+01,1.000000000000000000e+00
2.466986762628471663e-03,8.975158632325157271e+01,5.884594053303458594e+01,1.000000000000000000e+00
-2.693185612275353098e-03,8.976163560235571026e+01,5.868630720885704477e+01,1.000000000000000000e+00
3.339213259479142330e-03,8.974974945517797664e+01,5.918159837158354719e+01,1.000000000000000000e+00
6.787267106171634458e-03,8.973349882832509650e+01,5.938759666097080014e+01,1.000000000000000000e+00
3.902547753322695590e-03,8.974782038580156041e+01,5.926473558190080837e+01,1.000000000000000000e+00
-4.216217207834094195e-04,8.976504758699567788e+01,5.864402401779798168e+01,1.000000000000000000e+00
6.031112027544887960e-04,8.976058498242751682e+01,5.882119508659126694e+01,1.000000000000000000e+00
5.842677771273761117e-03,8.973078126629721396e+01,5.936397773551320967e+01,1.000000000000000000e+00
1.980451749939614141e-03,8.975506198213440712e+01,5.889155892366367340e+01,1.000000000000000000e+00
1.790534824333844810e-02,8.973090072018391083e+01,5.980834126735949496e+01,1.000000000000000000e+00
1.411408889326646460e-02,8.969458391183121648e+01,5.909669109105949758e+01,0.000000000000000000e+00
2.876606264475466569e-03,8.974733907958379575e+01,5.899806461293617588e+01,0.000000000000000000e+00
2.039196909288317969e-02,8.978482376995532377e+01,5.887640708268801149e+01,0.000000000000000000e+00
2.151500679185126743e-03,8.973749583073437464e+01,5.874597232066623320e+01,0.000000000000000000e+00
5.807120046547746594e-04,8.974741047824112172e+01,5.867826286399561297e+01,0.000000000000000000e+00
2.512921250005114779e-02,8.973409757046857749e+01,6.028155628799649435e+01,0.000000000000000000e+00
8.033565116316065610e-03,8.974646857302488456e+01,5.932672279294668272e+01,0.000000000000000000e+00
-1.869495812277982821e-03,8.977975439620793452e+01,5.840718422011622124e+01,0.000000000000000000e+00
-5.958028735866664240e-04,8.975583222352503299e+01,5.864198813201176108e+01,0.000000000000000000e+00
1.035985341437819542e-02,8.975016537188045618e+01,5.921000762633744330e+01,0.000000000000000000e+00
1.856904629630197956e-03,8.976978622187091617e+01,5.871928354506347603e+01,0.000000000000000000e+00
1.398589279976762689e-03,8.974725144419086575e+01,5.867580960436221460e+01,0.000000000000000000e+00
2.590618055775929709e-03,8.970550916427824006e+01,5.843869354621941170e+01,0.000000000000000000e+00
4.630647179662386636e-04,8.975588284401415251e+01,5.863516675168111192e+01,0.000000000000000000e+00
-5.996840460018285426e-03,8.975582194592634266e+01,5.863435070632739610e+01,0.000000000000000000e+00
1.990643893068930279e-03,8.978830184821899252e+01,5.795986579323815846e+01,0.000000000000000000e+00
1.478574315502912198e-02,8.973712510972816858e+01,5.998318834082652984e+01,0.000000000000000000e+00
8.810602316984481042e-03,8.975405332468957909e+01,5.918795138761513641e+01,0.000000000000000000e+00
-3.163787066164898149e-03,8.974536821496795369e+01,5.877580824324076048e+01,0.000000000000000000e+00
2.799623030627959586e-03,8.974614295990771495e+01,5.902831549592299609e+01,0.000000000000000000e+00
-6.978636532654311150e-03,8.975348515208480649e+01,5.877793838981445873e+01,0.000000000000000000e+00
1.035985341437819542e-02,8.975016537188045618e+01,5.921000762633744330e+01,0.000000000000000000e+00
3.132553543593526862e-02,8.972471564269393696e+01,6.133210945374918310e+01,0.000000000000000000e+00
2.799623030627959586e-03,8.974614295990771495e+01,5.902831549592299609e+01,0.000000000000000000e+00
-2.805196314938987034e-03,8.975288678095492401e+01,5.866892323685964072e+01,0.000000000000000000e+00
-1.499332029356272543e-03,8.976112829720449326e+01,5.872264079191150188e+01,0.000000000000000000e+00
8.315487435121353757e-03,8.975330939734003266e+01,5.928684332934012247e+01,0.000000000000000000e+00
1.377007611569599620e-03,8.976994205826646578e+01,5.861952856378211152e+01,0.000000000000000000e+00
4.145950558356082533e-03,8.975645935160304134e+01,5.912272790544931667e+01,0.000000000000000000e+00
2.512921250005114779e-02,8.973409757046857749e+01,6.028155628799649435e+01,0.000000000000000000e+00
4.270549649616284249e-02,8.973276109136658363e+01,6.204601967593678324e+01,0.000000000000000000e+00
9.377964471921735115e-03,8.974546157767353805e+01,5.949244786835704701e+01,0.000000000000000000e+00
2.084954567834311229e-03,8.977864941841153268e+01,5.848668917783501797e+01,0.000000000000000000e+00
3.994005274531084622e-03,8.975447177200082649e+01,5.921834841668611915e+01,0.000000000000000000e+00
1.018749716328576707e-02,8.973013905017900527e+01,5.920085406593234723e+01,0.000000000000000000e+00
1.629400559024119779e-03,8.975405571520202841e+01,5.891305136064927694e+01,0.000000000000000000e+00
-9.053939341017888621e-04,8.973941391934391731e+01,5.886092549926630113e+01,0.000000000000000000e+00
9.999050478677424733e-03,8.974629498788195292e+01,5.936377470660307409e+01,0.000000000000000000e+00
1.356005895030775159e-03,8.974502109736957323e+01,5.880765104618373584e+01,0.000000000000000000e+00
-4.403854390779090092e-03,8.971442481225291488e+01,5.843326098738864971e+01,0.000000000000000000e+00
1.612238646801285053e-03,8.966793728348164905e+01,5.802766141856258741e+01,0.000000000000000000e+00
2.051326537041106915e-02,8.974113134492453980e+01,6.044095677410211209e+01,0.000000000000000000e+00
4.031312387456869976e-04,8.975183407841572603e+01,5.903168418215214786e+01,0.000000000000000000e+00
1.809750875337744669e-04,8.977662653557594297e+01,5.863696575868601002e+01,0.000000000000000000e+00
-3.743819677754612208e-03,8.973953529285567754e+01,5.878373406886915831e+01,0.000000000000000000e+00
-5.197330500671050631e-03,8.974753447782626381e+01,5.868747557282166127e+01,0.000000000000000000e+00
-5.190970481504969839e-04,8.975520858073900854e+01,5.855143315147198280e+01,0.000000000000000000e+00
5.525269196263814415e-03,8.974527484260245558e+01,5.921831301155697957e+01,0.000000000000000000e+00
3.423078643888891048e-02,8.970956169697468852e+01,6.094581825740853276e+01,0.000000000000000000e+00
9.677355067014472428e-03,8.971545751701684424e+01,5.893227918603314919e+01,0.000000000000000000e+00
5.266877281116361630e-03,8.975659238546914764e+01,5.891725850814420085e+01,0.000000000000000000e+00
2.051326537041106915e-02,8.974113134492453980e+01,6.044095677410211209e+01,0.000000000000000000e+00
3.132553543593526862e-02,8.972471564269393696e+01,6.133210945374918310e+01,0.000000000000000000e+00
4.625896107269792008e-03,8.974107437069820037e+01,5.894953508501679096e+01,0.000000000000000000e+00
2.860652782651291332e-02,8.973473717338731603e+01,6.147969449263813146e+01,0.000000000000000000e+00
9.926785319586855713e-03,8.970911205627143659e+01,5.902648969994736206e+01,0.000000000000000000e+00
-6.978636532654311150e-03,8.975348515208480649e+01,5.877793838981445873e+01,0.000000000000000000e+00
1.398589279976762689e-03,8.974725144419086575e+01,5.867580960436221460e+01,0.000000000000000000e+00
9.734970176219033197e-03,8.972254664955300996e+01,5.910763277331958676e+01,0.000000000000000000e+00
2.051326537041106915e-02,8.974113134492453980e+01,6.044095677410211209e+01,0.000000000000000000e+00
1.471969968444988147e-02,8.973697643109157696e+01,5.991575383650747000e+01,0.000000000000000000e+00
2.592963400052226627e-02,8.974221505423514600e+01,6.015436703013303799e+01,0.000000000000000000e+00
2.860652782651291332e-02,8.973473717338731603e+01,6.147969449263813146e+01,0.000000000000000000e+00
2.082811679778334864e-04,8.965261617443054831e+01,5.784324682474178303e+01,0.000000000000000000e+00
3.137078274525596008e-03,8.973957339990653281e+01,5.877003110773294736e+01,0.000000000000000000e+00
3.134565064156435293e-02,8.973365904981557151e+01,6.149201472704289984e+01,0.000000000000000000e+00
9.141888075992806589e-03,8.975276715383536441e+01,5.940908914586123046e+01,0.000000000000000000e+00
4.031312387456869976e-04,8.975183407841572603e+01,5.903168418215214786e+01,0.000000000000000000e+00
-4.375325630350851598e-03,8.976078666006037565e+01,5.860968822099006559e+01,0.000000000000000000e+00
2.860652782651291332e-02,8.973473717338731603e+01,6.147969449263813146e+01,0.000000000000000000e+00
-1.006233508258670218e-03,8.975304053640007851e+01,5.865997688639016161e+01,0.000000000000000000e+00
-6.984908686980735928e-03,8.971367293628898665e+01,5.842690564859701396e+01,0.000000000000000000e+00
-1.006233508258670218e-03,8.975304053640007851e+01,5.865997688639016161e+01,0.000000000000000000e+00
1.446984102648863485e-02,8.973767491068551294e+01,5.986374673068170438e+01,0.000000000000000000e+00
8.315487435121353757e-03,8.975330939734003266e+01,5.928684332934012247e+01,0.000000000000000000e+00
3.132553543593526862e-02,8.972471564269393696e+01,6.133210945374918310e+01,0.000000000000000000e+00
-1.006233508258670218e-03,8.975304053640007851e+01,5.865997688639016161e+01,0.000000000000000000e+00
4.977151575133726205e-03,8.974481733662013028e+01,5.922944160656954438e+01,0.000000000000000000e+00
6.361503879662518297e-03,8.974526960799327924e+01,5.912135692006458498e+01,0.000000000000000000e+00
-5.190970481504969839e-04,8.975520858073900854e+01,5.855143315147198280e+01,0.000000000000000000e+00
-1.690825439099611456e-03,8.978958538647748355e+01,5.804504890180383114e+01,0.000000000000000000e+00
-3.079746385167843326e-03,8.974746043194919309e+01,5.869655194865987369e+01,0.000000000000000000e+00
3.285188577445741914e-03,8.974579506114663729e+01,5.911238694457544085e+01,0.000000000000000000e+00
-4.502930454334013594e-03,8.975483529882214384e+01,5.872904961753849307e+01,0.000000000000000000e+00
4.096900173160669505e-03,8.973156419205287193e+01,5.891512197004040274e+01,0.000000000000000000e+00
2.226239006750806593e-03,8.975365119042575657e+01,5.896371593412339962e+01,0.000000000000000000e+00
2.512921250005114779e-02,8.973409757046857749e+01,6.028155628799649435e+01,0.000000000000000000e+00
3.441899671174899404e-04,8.974744695755998691e+01,5.870256685571210653e+01,0.000000000000000000e+00
4.977151575133726205e-03,8.974481733662013028e+01,5.922944160656954438e+01,0.000000000000000000e+00
-5.996840460018285426e-03,8.975582194592634266e+01,5.863435070632739610e+01,0.000000000000000000e+00
-3.743819677754612208e-03,8.973953529285567754e+01,5.878373406886915831e+01,0.000000000000000000e+00
-1.873753535886317880e-03,8.974184357903101272e+01,5.911860602384078334e+01,0.000000000000000000e+00
-4.478116105202175831e-03,8.976302275670265374e+01,5.847144627325482702e+01,0.000000000000000000e+00
3.282598354656392648e-03,8.976246609807262189e+01,5.883792369120565979e+01,0.000000000000000000e+00
4.172306457123815815e-02,8.971507453544418809e+01,6.169257157308302908e+01,0.000000000000000000e+00
-2.383280971822593526e-03,8.975524088296690195e+01,5.855299862263297683e+01,0.000000000000000000e+00
8.821800145815701503e-05,8.975998148565717827e+01,5.875329796944377136e+01,0.000000000000000000e+00
3.081102737104206984e-02,8.976216503385379042e+01,6.032019577177180736e+01,0.000000000000000000e+00
2.859951973273976069e-03,8.974534693432984511e+01,5.897218338748458422e+01,0.000000000000000000e+00
-1.381986550545969685e-03,8.977301665945245190e+01,5.846291479984911632e+01,0.000000000000000000e+00
4.084371899218255247e-03,8.971653493871225749e+01,5.887214382695064074e+01,0.000000000000000000e+00
-2.505564517903049928e-03,8.975793630911630316e+01,5.890607969389427723e+01,0.000000000000000000e+00
2.012263875368819344e-02,8.975207774354274193e+01,5.988203214193988089e+01,0.000000000000000000e+00
3.499602028706957912e-04,8.973739078040429717e+01,5.867927305638892221e+01,0.000000000000000000e+00
5.037510317778860075e-02,8.974209133250637649e+01,6.251894953756305995e+01,0.000000000000000000e+00
4.259246817725902828e-02,8.975062104201836632e+01,6.203633544448059212e+01,0.000000000000000000e+00
1.880116136234948401e-02,8.979599359689903793e+01,5.800442209041221275e+01,0.000000000000000000e+00
4.170704774901673115e-03,8.975238062736018207e+01,5.921632394837131130e+01,0.000000000000000000e+00
3.592354844417786769e-02,8.979123558615795275e+01,5.833513881055892369e+01,0.000000000000000000e+00
4.289446008017605561e-02,8.974532402099860917e+01,6.181164853169833151e+01,0.000000000000000000e+00
4.927816702380812680e-02,8.974234781805097327e+01,6.241009021942864621e+01,0.000000000000000000e+00
1.836304418002654426e-02,8.974435771095514269e+01,6.009226846395207389e+01,0.000000000000000000e+00
9.380111184511240058e-05,8.976500263321750595e+01,5.868859973452275369e+01,0.000000000000000000e+00
-4.797384709073631865e-04,8.977194978135985082e+01,5.881830750203203451e+01,0.000000000000000000e+00
9.154093080886473166e-03,8.975963606165278463e+01,5.924103232897856941e+01,0.000000000000000000e+00
3.680705079482569225e-02,8.974953054975939892e+01,6.035053776941328607e+01,0.000000000000000000e+00
2.684381468723045713e-02,8.975184295905626186e+01,6.096099584897848445e+01,0.000000000000000000e+00
3.780852224872192219e-02,8.975274550859482758e+01,6.147329421012085504e+01,0.000000000000000000e+00
2.784483339953936127e-04,8.976017634503133991e+01,5.896638370764549819e+01,0.000000000000000000e+00
3.621673177576965191e-02,8.976026766801442136e+01,5.979301011115829567e+01,0.000000000000000000e+00
2.836882079063484698e-03,8.975800725371408362e+01,5.893350735286574604e+01,0.000000000000000000e+00
9.154093080886473166e-03,8.975963606165278463e+01,5.924103232897856941e+01,0.000000000000000000e+00
6.028015727113592709e-03,8.976317314690386695e+01,5.875549666535994220e+01,0.000000000000000000e+00
4.148501906160845763e-03,8.970990246331135154e+01,5.877448583202188104e+01,0.000000000000000000e+00
1.513285009520388448e-02,8.976008009274819699e+01,5.953036807495279703e+01,0.000000000000000000e+00
-2.431129255217927276e-03,8.976810130582630620e+01,5.901128942156302060e+01,0.000000000000000000e+00
-2.010418671884318942e-03,8.975695521036864477e+01,5.856886702284896984e+01,0.000000000000000000e+00
1.965361891319751531e-02,8.969941336941052157e+01,5.953124098041324430e+01,0.000000000000000000e+00
-1.271482573669097896e-03,8.979728086864938064e+01,5.762274290095135143e+01,0.000000000000000000e+00
1.741172792373816072e-02,8.975976230366713082e+01,5.960428957142038797e+01,0.000000000000000000e+00
3.166346386589937584e-02,8.976052849123712463e+01,6.047132567099676237e+01,0.000000000000000000e+00
-3.740045443353558728e-03,8.976133979781394601e+01,5.851878691373841690e+01,0.000000000000000000e+00
9.097746455980696215e-03,8.976049452977238730e+01,5.936328048737350827e+01,0.000000000000000000e+00
1.979181900272512784e-02,8.975215349019002531e+01,5.980688652391546611e+01,0.000000000000000000e+00
9.154093080886473166e-03,8.975963606165278463e+01,5.924103232897856941e+01,0.000000000000000000e+00
1.340016159450588273e-02,8.974974222586190820e+01,5.946128694258160152e+01,0.000000000000000000e+00
-5.776515900146791602e-03,8.973840729464544097e+01,5.879679904371176491e+01,0.000000000000000000e+00
2.924125581927743481e-03,8.976719955208541535e+01,5.888833481530728164e+01,0.000000000000000000e+00
-5.097943249950603363e-03,8.979068328175191027e+01,5.831711609174305977e+01,0.000000000000000000e+00
2.643061500947055734e-02,8.975358613098383387e+01,6.053012558953618338e+01,0.000000000000000000e+00
1.429037012126505718e-02,8.968904592712010526e+01,5.877101641718385849e+01,0.000000000000000000e+00
9.023021126556948074e-03,8.975142211926150537e+01,5.937750968665359608e+01,0.000000000000000000e+00
4.976445890216641202e-03,8.974658424041984972e+01,5.952019453278267491e+01,0.000000000000000000e+00
5.078555701132766304e-02,8.972700720461847368e+01,6.302309683202454949e+01,0.000000000000000000e+00
1.493281812462911784e-03,8.973713365407108711e+01,5.859239412248656720e+01,0.000000000000000000e+00
7.891328631910843328e-02,8.971077400411752478e+01,6.400122585568564659e+01,0.000000000000000000e+00
1.527879088157069708e-02,8.975120671447565712e+01,5.957765165071385383e+01,0.000000000000000000e+00
2.924125581927743481e-03,8.976719955208541535e+01,5.888833481530728164e+01,0.000000000000000000e+00
1.381435184036417700e-03,8.975258694834116113e+01,5.879533408207053213e+01,0.000000000000000000e+00
1.968038766389333671e-02,8.974413805504762820e+01,6.005140229556139531e+01,0.000000000000000000e+00
-2.010418671884318942e-03,8.975695521036864477e+01,5.856886702284896984e+01,0.000000000000000000e+00
1.975669063842024065e-02,8.972987129129577966e+01,5.989458875893635792e+01,0.000000000000000000e+00
2.606944468918338809e-02,8.975325493907055829e+01,6.060063149869673538e+01,0.000000000000000000e+00
1.870294932670301877e-03,8.974003425496411523e+01,5.901282371171608077e+01,0.000000000000000000e+00
1.967138635487457321e-02,8.974171739749093035e+01,6.012316983978442408e+01,0.000000000000000000e+00
2.924125581927743481e-03,8.976719955208541535e+01,5.888833481530728164e+01,0.000000000000000000e+00
1.474243131306602120e-04,8.975914192962819982e+01,5.862206736546198727e+01,0.000000000000000000e+00
3.095900788517244508e-03,8.978230292751085528e+01,5.870905487888173013e+01,0.000000000000000000e+00
-2.010418671884318942e-03,8.975695521036864477e+01,5.856886702284896984e+01,0.000000000000000000e+00
1.968038766389333671e-02,8.974413805504762820e+01,6.005140229556139531e+01,0.000000000000000000e+00
1.887221233627573921e-02,8.975078693737188473e+01,5.959482780803924840e+01,0.000000000000000000e+00
1.375478951869283338e-03,8.970554912507861900e+01,5.833491327772311053e+01,0.000000000000000000e+00
-4.321543236229352224e-04,8.976270867060689795e+01,5.869739796643593621e+01,0.000000000000000000e+00
-5.285319544015526332e-03,8.976351164435033070e+01,5.876961709042855375e+01,0.000000000000000000e+00
-6.726369687267810859e-04,8.975716405041708867e+01,5.871927852387436531e+01,0.000000000000000000e+00
-3.290944310067229236e-04,8.975693089435999639e+01,5.857061173525471531e+01,0.000000000000000000e+00
2.948443815421727347e-03,8.975623089621851136e+01,5.875852806962701891e+01,0.000000000000000000e+00
2.473824982543718770e-02,8.975349849052142304e+01,6.057495820259464381e+01,0.000000000000000000e+00
2.508780257478422215e-03,8.976843698628206880e+01,5.842305770843516655e+01,0.000000000000000000e+00
1.218357786993382128e-03,8.975996969991068397e+01,5.878959982352220237e+01,0.000000000000000000e+00
6.059799793502873913e-03,8.976247179678742327e+01,5.867693856389318796e+01,0.000000000000000000e+00
1.381435184036417700e-03,8.975258694834116113e+01,5.879533408207053213e+01,0.000000000000000000e+00
2.798591090568523614e-03,8.975651297382101745e+01,5.875566990380664834e+01,0.000000000000000000e+00
6.689109836843334933e-02,8.973380782819612023e+01,6.377383032370051552e+01,0.000000000000000000e+00
2.855896391315077346e-02,8.975069724086253586e+01,6.015248732912630203e+01,0.000000000000000000e+00
1.262171819722631046e-02,8.974744549925250681e+01,5.942803101124109588e+01,0.000000000000000000e+00
-5.727931414557396565e-03,8.974470167125035402e+01,5.866186831696687420e+01,0.000000000000000000e+00
9.067821760974146758e-03,8.978409963670917193e+01,5.861936277461609990e+01,0.000000000000000000e+00
6.533379757118001896e-02,8.967169118579894871e+01,6.079037855498373233e+01,0.000000000000000000e+00
1.180891329230268801e-02,8.975124782310427918e+01,5.927835906420612133e+01,0.000000000000000000e+00
1.217530118566188466e-02,8.976053345654702298e+01,5.949425455625851100e+01,0.000000000000000000e+00
-1.901670595161452293e-03,8.979751854693442681e+01,5.769635542629706038e+01,0.000000000000000000e+00
-2.505564517903049928e-03,8.975793630911630316e+01,5.890607969389427723e+01,0.000000000000000000e+00
1.083243228956634260e-02,8.968189118387424230e+01,5.837385798796331926e+01,0.000000000000000000e+00
7.474149757782695691e-02,8.973167389693489326e+01,6.456739035873177102e+01,0.000000000000000000e+00
4.180667820199920892e-02,8.974370609274396315e+01,6.215681459696854461e+01,0.000000000000000000e+00
1.527879088157069708e-02,8.975120671447565712e+01,5.957765165071385383e+01,0.000000000000000000e+00
-5.735238169932183050e-03,8.975221362775903344e+01,5.896299281678879112e+01,0.000000000000000000e+00
1.340016159450588273e-02,8.974974222586190820e+01,5.946128694258160152e+01,0.000000000000000000e+00
1.882640666520191131e-02,8.970924576999212263e+01,5.959097188737965212e+01,0.000000000000000000e+00
-2.010418671884318942e-03,8.975695521036864477e+01,5.856886702284896984e+01,0.000000000000000000e+00
5.095211683712011150e-03,8.978341401923118781e+01,5.848152563725351172e+01,0.000000000000000000e+00
2.019993203130786633e-02,8.973420866718187483e+01,5.980195545090052178e+01,0.000000000000000000e+00
5.511247814473611319e-03,8.974409343340892065e+01,5.930719493004437481e+01,0.000000000000000000e+00
1.501691315754948540e-03,8.973402827195040743e+01,5.862964877099291527e+01,0.000000000000000000e+00
1.331447492524771674e-02,8.979318594542895937e+01,5.836850190958216444e+01,0.000000000000000000e+00
1.123118248661599504e-02,8.975099827757092896e+01,5.963429106050607942e+01,0.000000000000000000e+00
1.638483856041905717e-02,8.973092319825157404e+01,5.957413931496147086e+01,0.000000000000000000e+00
1.018623345412786665e-03,8.975357182457661054e+01,5.934851399722887777e+01,0.000000000000000000e+00
1.342927419933434910e-02,8.978047800785701327e+01,5.876973102289335316e+01,0.000000000000000000e+00
-7.767697975902201771e-04,8.975052342609933476e+01,5.873377122662689942e+01,0.000000000000000000e+00
9.915906927369106793e-04,8.977745869744954632e+01,5.878708324109077665e+01,0.000000000000000000e+00
7.002034147223727689e-02,8.968229790313053229e+01,6.094980406585716537e+01,0.000000000000000000e+00
1.600112515597838792e-02,8.975747579982773061e+01,5.961154138172209116e+01,0.000000000000000000e+00
1.123118248661599504e-02,8.975099827757092896e+01,5.963429106050607942e+01,0.000000000000000000e+00
4.141151354357146958e-03,8.976183570874523809e+01,5.938926315489177199e+01,0.000000000000000000e+00
1.073349349667906093e-02,8.972481046756657008e+01,5.946219926748534590e+01,0.000000000000000000e+00
5.986774098107363641e-03,8.970053777160293862e+01,5.887352604599026762e+01,0.000000000000000000e+00
1.576423339550029994e-03,8.976181797226406900e+01,5.883790821047962538e+01,0.000000000000000000e+00
3.344324563276720313e-02,8.975009810490745110e+01,6.147621302527837628e+01,0.000000000000000000e+00
3.344324563276720313e-02,8.975009810490745110e+01,6.147621302527837628e+01,0.000000000000000000e+00
2.087746681765282122e-02,8.974243641139030103e+01,5.979047531843506391e+01,0.000000000000000000e+00
1.018623345412786665e-03,8.975357182457661054e+01,5.934851399722887777e+01,0.000000000000000000e+00
-2.797521490416283833e-03,8.975722298236932772e+01,5.886135090775091072e+01,0.000000000000000000e+00
1.422387105617217706e-02,8.975129473073589281e+01,5.959493706221120846e+01,0.000000000000000000e+00
3.888156156589873697e-03,8.975410539250995612e+01,5.938796898299575133e+01,0.000000000000000000e+00
-2.031893720220541519e-03,8.976186377515006143e+01,5.867740422532607170e+01,0.000000000000000000e+00
8.254807119654828870e-03,8.975812202850373467e+01,5.923488596292670394e+01,0.000000000000000000e+00
9.154258501830825562e-04,8.974294653555007528e+01,5.915160714272171560e+01,0.000000000000000000e+00
6.270870117192801040e-03,8.975413946024973200e+01,5.938738457718827846e+01,0.000000000000000000e+00
1.600112515597838792e-02,8.975747579982773061e+01,5.961154138172209116e+01,0.000000000000000000e+00
1.220609643466226239e-02,8.975019636204036999e+01,5.964470956031453852e+01,0.000000000000000000e+00
1.123118248661599504e-02,8.975099827757092896e+01,5.963429106050607942e+01,0.000000000000000000e+00
3.344324563276720313e-02,8.975009810490745110e+01,6.147621302527837628e+01,0.000000000000000000e+00
6.744673968669955000e-02,8.975922853122327183e+01,6.295762607517321641e+01,0.000000000000000000e+00
-7.676664717948900561e-03,8.978625401778478476e+01,5.786150409254948102e+01,0.000000000000000000e+00
-6.057908859512170507e-03,8.976895884651524682e+01,5.874281082962080802e+01,0.000000000000000000e+00
1.432992444422765375e-02,8.975767387515502094e+01,5.954727324934312094e+01,0.000000000000000000e+00
-2.726985201220230928e-03,8.976507913938331740e+01,5.860542653826819759e+01,0.000000000000000000e+00
-9.180621534528392823e-04,8.976163208256821235e+01,5.869282123182409094e+01,0.000000000000000000e+00
1.809181362177289878e-02,8.979130062396046696e+01,5.841479955785617051e+01,0.000000000000000000e+00
2.205663021055362730e-02,8.974241807879050725e+01,5.979846486150148621e+01,0.000000000000000000e+00
7.877504537903687104e-04,8.976399823785943966e+01,5.881734185415263028e+01,0.000000000000000000e+00
2.087746681765282122e-02,8.974243641139030103e+01,5.979047531843506391e+01,0.000000000000000000e+00
-9.449288410105714494e-04,8.975091563868930677e+01,5.868083553309021738e+01,0.000000000000000000e+00
-6.548780045968238849e-05,8.976203355104674131e+01,5.883305330308541414e+01,0.000000000000000000e+00
3.014206627043834459e-04,8.976014835916120660e+01,5.880633720068193782e+01,0.000000000000000000e+00
1.271092987652215796e-02,8.978314518908520370e+01,5.926941298287339066e+01,0.000000000000000000e+00
1.020825346924720059e-02,8.974853325191952536e+01,5.949728882500409100e+01,0.000000000000000000e+00
1.372345946580176730e-02,8.975205517360659258e+01,5.961280700217010775e+01,0.000000000000000000e+00
8.893154439143343554e-03,8.975866281898032639e+01,5.916236293543530422e+01,0.000000000000000000e+00
1.894223240115408546e-02,8.979006108191390467e+01,5.840344308310907451e+01,0.000000000000000000e+00
6.868745159722718444e-03,8.973062480558434117e+01,5.925196189506466027e+01,0.000000000000000000e+00
1.314345833380121606e-02,8.978338765796777921e+01,5.854333112958144625e+01,0.000000000000000000e+00
1.408107189536740057e-02,8.974679429842352363e+01,5.967842015637424424e+01,0.000000000000000000e+00
1.652043487211379271e-03,8.975812392421013897e+01,5.881551167477218911e+01,0.000000000000000000e+00
4.272225405084624505e-02,8.974450151358347227e+01,6.271321530584592807e+01,0.000000000000000000e+00
1.125132562398781927e-02,8.974803735448897157e+01,5.954780274703274046e+01,0.000000000000000000e+00
-4.203648083152907236e-03,8.972674194858727503e+01,5.840359282681454545e+01,0.000000000000000000e+00
-3.136215139137963227e-03,8.975130864008667686e+01,5.889897229200465745e+01,0.000000000000000000e+00
1.286021081862957598e-02,8.975555182230539231e+01,5.990312984166914134e+01,0.000000000000000000e+00
3.293913080090749707e-02,8.977035432004504401e+01,6.028679281819027835e+01,0.000000000000000000e+00
1.123118248661599504e-02,8.975099827757092896e+01,5.963429106050607942e+01,0.000000000000000000e+00
-8.000286046998718184e-04,8.976407700443937188e+01,5.881473252386084027e+01,0.000000000000000000e+00
-6.548780045968238849e-05,8.976203355104674131e+01,5.883305330308541414e+01,0.000000000000000000e+00
4.155350249196222007e-02,8.978984517381368846e+01,5.915429696438417295e+01,0.000000000000000000e+00
-3.416209739853454021e-03,8.976131362330819741e+01,5.871444867746856744e+01,0.000000000000000000e+00
-7.672002023101699188e-03,8.975420558947850225e+01,5.855367661637331622e+01,0.000000000000000000e+00
-3.441209443063732599e-03,8.979894984995472385e+01,5.770766638969512741e+01,0.000000000000000000e+00
1.496631751461805979e-02,8.975182977539327567e+01,5.970894987128194487e+01,0.000000000000000000e+00
1.322662674912620205e-02,8.975456964315762320e+01,5.954388512468493388e+01,0.000000000000000000e+00
1.180827823438439401e-02,8.969866368645899968e+01,5.925753241409421435e+01,0.000000000000000000e+00
-6.078867475647412033e-03,8.976006222175315941e+01,5.879099466588072431e+01,0.000000000000000000e+00
-7.664853203925076595e-03,8.977112244352227322e+01,5.852846851193056210e+01,0.000000000000000000e+00
-7.667805721064835205e-03,8.976612620040363311e+01,5.855070168732879665e+01,0.000000000000000000e+00
3.888156156589873697e-03,8.975410539250995612e+01,5.938796898299575133e+01,0.000000000000000000e+00
2.210231763771500560e-02,8.975461712323547658e+01,6.015095054088526183e+01,0.000000000000000000e+00
3.766475234085854031e-03,8.969704597342264663e+01,5.887947237301493431e+01,0.000000000000000000e+00
1.399948209832513682e-02,8.974271323445326232e+01,5.967583154671408607e+01,0.000000000000000000e+00
1.220609643466226239e-02,8.975019636204036999e+01,5.964470956031453852e+01,0.000000000000000000e+00
6.553616234076069247e-02,8.973982202734092084e+01,6.422102754618144616e+01,0.000000000000000000e+00
3.888156156589873697e-03,8.975410539250995612e+01,5.938796898299575133e+01,0.000000000000000000e+00
1.294264972840251937e-02,8.974536011619305498e+01,5.961131455173664762e+01,0.000000000000000000e+00
5.474786289012541045e-03,8.975390345374805179e+01,5.941578955068155210e+01,0.000000000000000000e+00
8.862365971062241554e-03,8.975226729230477929e+01,5.929958530833536656e+01,0.000000000000000000e+00
1.696664664617540761e-03,8.974859147194165132e+01,5.870567450559795475e+01,0.000000000000000000e+00
1.436107355101258476e-02,8.975159634967293698e+01,5.968280405404014743e+01,0.000000000000000000e+00
1.294264972840251937e-02,8.974536011619305498e+01,5.961131455173664762e+01,0.000000000000000000e+00
1.125132562398781927e-02,8.974803735448897157e+01,5.954780274703274046e+01,0.000000000000000000e+00
2.766381763570985655e-02,8.975524299060194267e+01,6.049086446658261451e+01,0.000000000000000000e+00
3.921410668409965744e-02,8.974977918956608391e+01,6.166055102909588470e+01,0.000000000000000000e+00
1.849764918867233612e-02,8.975353711677378499e+01,5.973914321260853910e+01,0.000000000000000000e+00
1.018623345412786665e-03,8.975357182457661054e+01,5.934851399722887777e+01,0.000000000000000000e+00
1.589050039189790486e-02,8.974697503503679741e+01,5.945689608215479893e+01,0.000000000000000000e+00
2.087746681765282122e-02,8.974243641139030103e+01,5.979047531843506391e+01,0.000000000000000000e+00
1.636020964321504775e-03,8.976179783717968519e+01,5.872203961918337711e+01,0.000000000000000000e+00
1.338936248788875731e-02,8.975575107674960407e+01,5.939104499813290516e+01,0.000000000000000000e+00
1.573969804504063777e-02,8.974255417851055938e+01,5.982553137096002160e+01,0.000000000000000000e+00
-1.702163502028990671e-03,8.976413162792918854e+01,5.881743283308884429e+01,0.000000000000000000e+00
1.112974769023627152e-02,8.976117978704537848e+01,5.925035617001530852e+01,0.000000000000000000e+00
1.439285586684053292e-02,8.975298120485339837e+01,5.950760402304868535e+01,0.000000000000000000e+00
8.893154439143343554e-03,8.975866281898032639e+01,5.916236293543530422e+01,0.000000000000000000e+00
1.090214419503928410e-02,8.978514115662125050e+01,5.866417772203519831e+01,0.000000000000000000e+00
1.220771607539903637e-03,8.971896214302135775e+01,5.865270794602835736e+01,0.000000000000000000e+00
7.485933966520198031e-04,8.971882858305586694e+01,5.842350195281905911e+01,0.000000000000000000e+00
3.963900073497790555e-02,8.977495682994778292e+01,6.046726735871292391e+01,0.000000000000000000e+00
1.283223481385480525e-03,8.975650930051114074e+01,5.892528413119377717e+01,0.000000000000000000e+00
1.852226985073499033e-02,8.975141855227866472e+01,5.992059976157241863e+01,0.000000000000000000e+00
9.262021482843029938e-03,8.974599005130968976e+01,5.932925627456495477e+01,0.000000000000000000e+00
-1.464813510503253091e-03,8.975366734979392902e+01,5.883581623999995713e+01,0.000000000000000000e+00
8.268728844251043569e-03,8.971599624678962925e+01,5.908607974043075473e+01,0.000000000000000000e+00
4.172710728396742709e-03,8.974640318789971616e+01,5.924129845838919550e+01,0.000000000000000000e+00
1.036055461162872261e-02,8.975244823300302244e+01,5.961806946971137222e+01,0.000000000000000000e+00
3.307255441959219139e-02,8.975491293327102937e+01,6.123888130684268560e+01,0.000000000000000000e+00
4.073944378607750882e-02,8.973587183153091473e+01,6.214642243719168846e+01,0.000000000000000000e+00
6.997485875713497930e-04,8.974681800792620834e+01,5.866362318284750188e+01,0.000000000000000000e+00
1.649732694456788537e-02,8.976822694557574778e+01,5.923813225223192802e+01,0.000000000000000000e+00
1.842132815369439082e-03,8.976767270623133754e+01,5.858995267301558840e+01,0.000000000000000000e+00
2.093569667672000312e-02,8.973965357367961815e+01,6.046406980012282872e+01,0.000000000000000000e+00
1.283223481385480525e-03,8.975650930051114074e+01,5.892528413119377717e+01,0.000000000000000000e+00
3.307255441959219139e-02,8.975491293327102937e+01,6.123888130684268560e+01,0.000000000000000000e+00
2.871230604685986315e-02,8.976304615944849274e+01,5.989670387653043093e+01,0.000000000000000000e+00
4.362663108601213223e-04,8.975241966705691254e+01,5.885837651537087112e+01,0.000000000000000000e+00
1.886149748991083940e-03,8.978884059410283669e+01,5.817952451529572500e+01,0.000000000000000000e+00
4.172710728396742709e-03,8.974640318789971616e+01,5.924129845838919550e+01,0.000000000000000000e+00
3.619160086337610410e-02,8.975488672305442606e+01,6.126008812675487292e+01,0.000000000000000000e+00
1.085037885933061788e-03,8.975263182582989430e+01,5.895703907575338576e+01,0.000000000000000000e+00
2.411835156678896613e-02,8.979573220282543389e+01,5.800927838505025846e+01,0.000000000000000000e+00
1.534388856063871077e-02,8.968112895933131767e+01,5.911328970651780423e+01,0.000000000000000000e+00
2.758582190723913793e-02,8.973970171099929871e+01,6.054620830791797204e+01,0.000000000000000000e+00
3.531466240657765449e-03,8.976577854043013360e+01,5.856405061307789595e+01,0.000000000000000000e+00
2.094641891073042300e-02,8.978771110289719104e+01,5.841075486737076261e+01,0.000000000000000000e+00
1.236197285872898087e-02,8.975297322376728459e+01,5.965184162558777103e+01,0.000000000000000000e+00
3.203856596690414504e-02,8.973808757775528022e+01,6.069804260928223272e+01,0.000000000000000000e+00
1.852226985073499033e-02,8.975141855227866472e+01,5.992059976157241863e+01,0.000000000000000000e+00
1.754395112235211749e-03,8.971257875535043524e+01,5.834047228243370142e+01,0.000000000000000000e+00
2.041426934679218402e-02,8.974210309359170878e+01,5.984278049542635358e+01,0.000000000000000000e+00
4.073944378607750882e-02,8.973587183153091473e+01,6.214642243719168846e+01,0.000000000000000000e+00
5.985177207637888165e-03,8.975634587835251921e+01,5.908042732525038332e+01,0.000000000000000000e+00
3.307255441959219139e-02,8.975491293327102937e+01,6.123888130684268560e+01,0.000000000000000000e+00
9.277591658129304489e-03,8.975069946923233033e+01,5.942416211295287098e+01,0.000000000000000000e+00
1.947349334350269995e-02,8.975037121120355721e+01,6.006076472194366289e+01,0.000000000000000000e+00
5.754749565682473929e-03,8.975756283274911596e+01,5.955334855544041517e+01,0.000000000000000000e+00
1.086271556803495610e-02,8.974843036704866961e+01,5.984836048574182144e+01,0.000000000000000000e+00
-1.208873736527639074e-03,8.971641963040821111e+01,5.845711117914265742e+01,0.000000000000000000e+00
3.165437049495565397e-02,8.973967557533771355e+01,6.040833034494690423e+01,0.000000000000000000e+00
2.068287735216754915e-03,8.975930838672097423e+01,5.920973216443382370e+01,0.000000000000000000e+00
-7.219804536130136835e-04,8.979563301192251856e+01,5.785648025279292028e+01,0.000000000000000000e+00
8.392501832466259248e-03,8.975048927137387977e+01,5.947209693955008447e+01,0.000000000000000000e+00
-7.417690068753380597e-04,8.975166101268848706e+01,5.905710545739763973e+01,0.000000000000000000e+00
8.392501832466259248e-03,8.975048927137387977e+01,5.947209693955008447e+01,0.000000000000000000e+00
1.036055461162872261e-02,8.975244823300302244e+01,5.961806946971137222e+01,0.000000000000000000e+00
-5.134324029245696148e-03,8.979489533486088249e+01,5.790785021428517609e+01,0.000000000000000000e+00
1.706487225953842723e-02,8.975871310218353472e+01,5.948414035496305985e+01,0.000000000000000000e+00
1.075009227229293228e-02,8.975043130588717588e+01,5.949277228813780738e+01,0.000000000000000000e+00
9.747833960637322312e-03,8.974609271524231247e+01,5.932271721461407310e+01,0.000000000000000000e+00
1.966003278513097849e-02,8.970895259726610504e+01,5.950848913961038988e+01,0.000000000000000000e+00
4.073944378607750882e-02,8.973587183153091473e+01,6.214642243719168846e+01,0.000000000000000000e+00
6.326976040905860944e-03,8.974164212256502537e+01,5.865784616556454978e+01,0.000000000000000000e+00
7.754154403265019332e-04,8.975240726514417133e+01,5.898574019507280042e+01,0.000000000000000000e+00
1.613697280510547824e-02,8.974496878735129712e+01,6.016565935079341898e+01,0.000000000000000000e+00
1.840613505456515026e-03,8.973873747786508659e+01,5.893248674444288326e+01,0.000000000000000000e+00
2.593361172807167117e-02,8.973875219142418302e+01,6.027409218327981932e+01,0.000000000000000000e+00
2.599718314479658888e-03,8.976890656516511058e+01,5.871003825990585767e+01,0.000000000000000000e+00
2.218312348139982616e-03,8.978510616241088371e+01,5.833445272812213744e+01,0.000000000000000000e+00
5.954479436036583945e-03,8.975431155929346971e+01,5.943335484782881650e+01,0.000000000000000000e+00
-5.172683443212981909e-03,8.975491621527673658e+01,5.884456595690398473e+01,0.000000000000000000e+00
1.600409773718807632e-02,8.973698882911769203e+01,6.019296319920577076e+01,0.000000000000000000e+00
1.385262630999048450e-02,8.972897884171902660e+01,5.930076934556878143e+01,0.000000000000000000e+00
1.075009227229293228e-02,8.975043130588717588e+01,5.949277228813780738e+01,0.000000000000000000e+00
-5.164027740787437322e-03,8.975699367079759838e+01,5.881126452361036172e+01,0.000000000000000000e+00
2.446971885003683053e-02,8.973966623991680081e+01,6.050046747798851499e+01,0.000000000000000000e+00
6.997485875713497930e-04,8.974681800792620834e+01,5.866362318284750188e+01,0.000000000000000000e+00
2.430644704079411560e-03,8.974034998751608327e+01,5.913413676190113932e+01,0.000000000000000000e+00
-5.172683443212981909e-03,8.975491621527673658e+01,5.884456595690398473e+01,0.000000000000000000e+00
3.226374372054968687e-02,8.974062197479692315e+01,6.024287321241043003e+01,0.000000000000000000e+00
9.333690113333023911e-03,8.966698301226553269e+01,5.818708248596593080e+01,0.000000000000000000e+00
2.717336184306138464e-02,8.976549893252678203e+01,5.966452621369937503e+01,0.000000000000000000e+00
5.976628311581963678e-03,8.975028622371851839e+01,5.896817756699650204e+01,0.000000000000000000e+00
1.591556128583841365e-02,8.972818329205904320e+01,6.001437155867512985e+01,0.000000000000000000e+00
2.399725635787674366e-02,8.970878464015883935e+01,5.988416225615993937e+01,0.000000000000000000e+00
1.705498997511288237e-02,8.974395547317362798e+01,5.984229925269630712e+01,0.000000000000000000e+00
3.482459617484355563e-02,8.973801460311285894e+01,6.133837599279075903e+01,0.000000000000000000e+00
2.132736985575399077e-02,8.972566364713043185e+01,5.995110898264926647e+01,0.000000000000000000e+00
8.415239651108394336e-03,8.968829035622066215e+01,5.862506212054942267e+01,0.000000000000000000e+00
-9.106501068222149636e-04,8.974802000369815858e+01,5.879087543419149853e+01,0.000000000000000000e+00
2.074038693252894597e-02,8.974338205772824040e+01,5.988744504287908654e+01,0.000000000000000000e+00
2.115860039210643029e-02,8.973884329393028736e+01,6.029820049508612101e+01,0.000000000000000000e+00
1.942645223086857153e-03,8.975292851800712413e+01,5.910822739761353262e+01,0.000000000000000000e+00
6.277875384409016372e-03,8.975337930956378329e+01,5.883757907381618679e+01,0.000000000000000000e+00
1.430608595326730847e-02,8.974437976310053955e+01,5.975027499073989645e+01,0.000000000000000000e+00
1.137097117945892570e-02,8.975280449452148446e+01,5.956455252721230664e+01,0.000000000000000000e+00
1.613697280510547824e-02,8.974496878735129712e+01,6.016565935079341898e+01,0.000000000000000000e+00
2.152958200880861553e-02,8.976226898518096675e+01,5.987481683948126232e+01,0.000000000000000000e+00
1.035149120666925028e-02,8.975240265216851299e+01,5.956312622009373570e+01,0.000000000000000000e+00
1.935882434212143205e-02,8.975135259542773269e+01,5.966702511223195415e+01,0.000000000000000000e+00
2.625015760966432302e-03,8.974712880498991296e+01,5.841378853347314504e+01,0.000000000000000000e+00
1.089872673754163981e-02,8.973764924713580626e+01,5.955380142763546303e+01,0.000000000000000000e+00
4.224676045507053113e-03,8.974838634009972793e+01,5.903446539385790715e+01,0.000000000000000000e+00
5.403293533495513159e-04,8.977531350939537447e+01,5.846772013188591899e+01,0.000000000000000000e+00
3.641802800041901082e-04,8.977038318026279740e+01,5.879529137816713558e+01,0.000000000000000000e+00
7.161608577097607065e-02,8.978060349859535449e+01,5.955634090739698649e+01,0.000000000000000000e+00
6.418633601037760121e-04,8.975800587246092732e+01,5.883886922586673052e+01,0.000000000000000000e+00
4.515216778032936536e-03,8.975696345765015849e+01,5.897956213518023105e+01,0.000000000000000000e+00
1.624184155791709785e-02,8.975061645044482361e+01,5.982569100689241282e+01,0.000000000000000000e+00
1.080157844448693949e-02,8.976724530105285282e+01,5.938824217889649759e+01,0.000000000000000000e+00
6.816580697230221510e-03,8.976826784370824441e+01,5.922627113150269196e+01,0.000000000000000000e+00
-8.754645992230459172e-04,8.975596806547973472e+01,5.858326913120315993e+01,0.000000000000000000e+00
-2.112295236641055420e-03,8.975691951100235144e+01,5.885993995678796864e+01,0.000000000000000000e+00
2.822504119948875817e-02,8.974210242129760218e+01,6.060194976619026619e+01,0.000000000000000000e+00
4.566328308627401987e-03,8.975339611272747220e+01,5.886573526443905280e+01,0.000000000000000000e+00
4.279853797548089332e-03,8.975717096005325857e+01,5.915612296561980799e+01,0.000000000000000000e+00
1.090931244457530626e-02,8.974392184100993575e+01,5.953309675762469766e+01,0.000000000000000000e+00
-1.090084667713623386e-03,8.979188188490715561e+01,5.793826438700254045e+01,0.000000000000000000e+00
1.561158458341174553e-02,8.975051284454342237e+01,5.962686240045121622e+01,0.000000000000000000e+00
2.873525033354249608e-02,8.974130540457267102e+01,6.070813777058641847e+01,0.000000000000000000e+00
1.460122489594499603e-03,8.975769859252145011e+01,5.894702201859647772e+01,0.000000000000000000e+00
1.090931244457530626e-02,8.974392184100993575e+01,5.953309675762469766e+01,0.000000000000000000e+00
1.935882434212143205e-02,8.975135259542773269e+01,5.966702511223195415e+01,0.000000000000000000e+00
4.106481457812961519e-03,8.975304364635105969e+01,5.888144810201001889e+01,0.000000000000000000e+00
-3.246008723740445925e-03,8.975137826627208426e+01,5.868497618386719239e+01,0.000000000000000000e+00
4.304615324459637460e-03,8.980279739702866948e+01,5.743709319075542652e+01,0.000000000000000000e+00
2.480409412343435264e-03,8.973193733672034966e+01,5.856651701405315436e+01,0.000000000000000000e+00
2.166047861168372834e-02,8.974516769792332127e+01,6.005570675877628872e+01,0.000000000000000000e+00
5.768905645662286610e-04,8.970930945687379676e+01,5.830212519391910320e+01,0.000000000000000000e+00
1.189565857432704548e-03,8.975613225340956092e+01,5.876196759736800601e+01,0.000000000000000000e+00
5.890699216203256362e-04,8.975523040276289066e+01,5.886310226565939985e+01,0.000000000000000000e+00
2.822504119948875817e-02,8.974210242129760218e+01,6.060194976619026619e+01,0.000000000000000000e+00
-2.937737989364481994e-03,8.975539499578184177e+01,5.878968001664249243e+01,0.000000000000000000e+00
6.803213579304517346e-03,8.977150305585496426e+01,5.882639258243017366e+01,0.000000000000000000e+00
2.396541734566162100e-03,8.975865558514740883e+01,5.905980718696079634e+01,0.000000000000000000e+00
1.090931244457530626e-02,8.974392184100993575e+01,5.953309675762469766e+01,0.000000000000000000e+00
-1.580477130276004664e-03,8.975950123383906032e+01,5.883176929415653689e+01,0.000000000000000000e+00
5.362675437186463804e-04,8.973839578423405783e+01,5.860914863805273001e+01,0.000000000000000000e+00
3.763154034249145078e-03,8.975394191488992135e+01,5.910681863094789890e+01,0.000000000000000000e+00
6.418633601037760121e-04,8.975800587246092732e+01,5.883886922586673052e+01,0.000000000000000000e+00
5.495146931682008684e-03,8.974942479633060088e+01,5.945863445958178062e+01,0.000000000000000000e+00
-4.323847462224698424e-04,8.975632248758473963e+01,5.875499688042693691e+01,0.000000000000000000e+00
2.396541734566162100e-03,8.975865558514740883e+01,5.905980718696079634e+01,0.000000000000000000e+00
3.660769952872697762e-03,8.968586356823388428e+01,5.854559797958177825e+01,0.000000000000000000e+00
7.579012398878522648e-04,8.969690315307954620e+01,5.809842160200716421e+01,0.000000000000000000e+00
1.465447388210671525e-02,8.975241848670678735e+01,5.951470078028219035e+01,0.000000000000000000e+00
6.418633601037760121e-04,8.975800587246092732e+01,5.883886922586673052e+01,0.000000000000000000e+00
1.918468222465625692e-02,8.975179406853006014e+01,5.965444088169834913e+01,0.000000000000000000e+00
1.049580778922230666e-02,8.975041991936838315e+01,5.965742093354822373e+01,0.000000000000000000e+00
-1.265631487194244446e-04,8.977280737943219435e+01,5.865570235180835823e+01,0.000000000000000000e+00
-2.163803467732530392e-03,8.975975030895341433e+01,5.881210094402361221e+01,0.000000000000000000e+00
1.364607801296686225e-03,8.975759737334180954e+01,5.894843848786226204e+01,0.000000000000000000e+00
-2.674947845611204758e-03,8.968777883338857748e+01,5.791315907011909303e+01,0.000000000000000000e+00
6.941451484874513328e-03,8.975659497341101201e+01,5.918156047221390281e+01,0.000000000000000000e+00
7.349553008220528760e-02,8.970039899399280614e+01,6.387108952192315314e+01,0.000000000000000000e+00
1.947628127833074194e-02,8.975164368028931960e+01,5.965727582169883192e+01,0.000000000000000000e+00
-3.268421885493073484e-03,8.975418630443473944e+01,5.878376755873038917e+01,0.000000000000000000e+00
-4.238130056377760642e-03,8.975978095192502337e+01,5.881022535919117900e+01,0.000000000000000000e+00
-4.823408341291965883e-04,8.975570331172941962e+01,5.878925318756841989e+01,0.000000000000000000e+00
1.039439482359435672e-03,8.971105174437954588e+01,5.845801312515268933e+01,0.000000000000000000e+00
1.913159780167477883e-02,8.975069507315178896e+01,5.973228262212208506e+01,0.000000000000000000e+00
-2.303911751462858586e-03,8.975388275810789196e+01,5.915226765330164937e+01,0.000000000000000000e+00
1.049580778922230666e-02,8.975041991936838315e+01,5.965742093354822373e+01,0.000000000000000000e+00
-3.268421885493073484e-03,8.975418630443473944e+01,5.878376755873038917e+01,0.000000000000000000e+00
-1.844059874180905504e-03,8.975974647388031258e+01,5.882811996716085190e+01,0.000000000000000000e+00
-2.163803467732530392e-03,8.975975030895341433e+01,5.881210094402361221e+01,0.000000000000000000e+00
1.053949229465936735e-02,8.975360998190191708e+01,5.985046856021536854e+01,0.000000000000000000e+00
4.566328308627401987e-03,8.975339611272747220e+01,5.886573526443905280e+01,0.000000000000000000e+00
2.618799711103107601e-03,8.975563840654575642e+01,5.858564770081350304e+01,0.000000000000000000e+00
2.538148838399881691e-03,8.978428596315282562e+01,5.838618216356803003e+01,0.000000000000000000e+00
1.049580778922230666e-02,8.975041991936838315e+01,5.965742093354822373e+01,0.000000000000000000e+00
-4.323847462224698424e-04,8.975632248758473963e+01,5.875499688042693691e+01,0.000000000000000000e+00
9.965600737413680271e-03,8.975304398152098884e+01,5.945554123402550317e+01,0.000000000000000000e+00
2.166047861168372834e-02,8.974516769792332127e+01,6.005570675877628872e+01,0.000000000000000000e+00
5.768634550578330411e-02,8.973747639663433517e+01,6.342422893646055826e+01,0.000000000000000000e+00
1.327760298580806875e-03,8.973858993449302091e+01,5.874039472834291331e+01,0.000000000000000000e+00
-1.445812160957692799e-03,8.976841373306120886e+01,5.861162504706190646e+01,0.000000000000000000e+00
-3.534492312574420529e-03,8.976655071823230969e+01,5.896221178804816532e+01,0.000000000000000000e+00
6.941451484874513328e-03,8.975659497341101201e+01,5.918156047221390281e+01,0.000000000000000000e+00
2.402186069908732180e-02,8.971723639091131020e+01,6.001589266786887578e+01,0.000000000000000000e+00
5.299726628220858193e-04,8.975579348440579963e+01,5.898368405797864256e+01,0.000000000000000000e+00
8.518477504055228106e-03,8.974790627153353739e+01,5.968398760560511107e+01,0.000000000000000000e+00
1.817017511867200950e-03,8.978371010781629025e+01,5.808586127218165984e+01,0.000000000000000000e+00
-2.937737989364481994e-03,8.975539499578184177e+01,5.878968001664249243e+01,0.000000000000000000e+00
-2.986410032844057766e-04,8.976021341754440641e+01,5.880409396895319674e+01,0.000000000000000000e+00
7.392608897567895521e-02,8.973380942751431633e+01,6.506004656034389200e+01,0.000000000000000000e+00
1.238732124501272177e-04,8.975699687591792042e+01,5.884523048411021762e+01,0.000000000000000000e+00
8.281861737311536215e-03,8.975304633306689084e+01,5.950387586970666121e+01,0.000000000000000000e+00
-3.268421885493073484e-03,8.975418630443473944e+01,5.878376755873038917e+01,0.000000000000000000e+00
2.722700243353773364e-02,8.974336882013081151e+01,6.048025280372844037e+01,0.000000000000000000e+00
