1.778893121343519401e-02,8.806483930667107529e+01,5.659683503612129130e+01,1.000000000000000000e+00
-2.162928881999388528e-02,8.810262398119350280e+01,5.626556306891242798e+01,1.000000000000000000e+00
1.571468550721896035e-02,8.819411332957571403e+01,5.573549056873793717e+01,1.000000000000000000e+00
-5.163592832879866906e-04,8.826169462052055792e+01,5.608174755251469890e+01,1.000000000000000000e+00
-2.819572643678207313e-03,8.820159509328009051e+01,5.480700655738815641e+01,1.000000000000000000e+00
-3.391397561431750470e-03,8.814903077861109182e+01,5.650049313604948509e+01,1.000000000000000000e+00
-1.090619785653679187e-03,8.817239037868114337e+01,5.457148468228194105e+01,1.000000000000000000e+00
4.825823804832894692e-03,8.823916797780300669e+01,5.671452703674552254e+01,1.000000000000000000e+00
1.279280624068826304e-02,8.824152394924396958e+01,5.592777246413172065e+01,1.000000000000000000e+00
-6.432058722324185754e-03,8.815147644889063372e+01,5.533983726634279776e+01,1.000000000000000000e+00
-1.854306406175739808e-04,8.812398325940158372e+01,5.537262826231227564e+01,1.000000000000000000e+00
2.156123458434226065e-02,8.799675886272768821e+01,5.493723273296681953e+01,1.000000000000000000e+00
-1.231541900599261545e-02,8.817695574693179594e+01,5.376982403069547445e+01,1.000000000000000000e+00
-5.297004151789803245e-02,8.817814961443086474e+01,5.614386166242346121e+01,1.000000000000000000e+00
1.209639719646602579e-02,8.815336898644868313e+01,5.520360943616235261e+01,1.000000000000000000e+00
1.367987379642555436e-02,8.804857867474524369e+01,5.600580657406901253e+01,1.000000000000000000e+00
2.132951384244429968e-02,8.807818291736064964e+01,5.548003912854469633e+01,1.000000000000000000e+00
1.750925258560262834e-02,8.815828665813380383e+01,5.546824011318967251e+01,1.000000000000000000e+00
-1.195929046301301597e-02,8.816140968338235950e+01,5.506530626807079898e+01,1.000000000000000000e+00
9.352399802168852999e-03,8.820069024828055149e+01,5.585343233518830885e+01,1.000000000000000000e+00
-1.718807529194456849e-03,8.818341794049121063e+01,5.602624573682690112e+01,1.000000000000000000e+00
-2.668079016438160145e-02,8.823398673954589810e+01,5.686344961676607568e+01,1.000000000000000000e+00
3.298376974665738742e-03,8.814153973495270122e+01,5.435103056075068650e+01,1.000000000000000000e+00
4.943695194501607215e-03,8.821058124191226568e+01,5.673798063486024290e+01,1.000000000000000000e+00
2.205004701311695861e-02,8.820325316390083970e+01,5.533665133533232705e+01,1.000000000000000000e+00
1.546747787626663595e-02,8.811659121313745402e+01,5.722933643288526184e+01,1.000000000000000000e+00
-3.370877918794359593e-03,8.821706840912227676e+01,5.446449320234197700e+01,1.000000000000000000e+00
-6.306737499670067235e-03,8.819359814707172518e+01,5.618604801147318994e+01,1.000000000000000000e+00
-3.025097598885331980e-03,8.819162996307919400e+01,5.623232375730596289e+01,1.000000000000000000e+00
3.634906147543520705e-02,8.810468326069512557e+01,5.603296385983153272e+01,1.000000000000000000e+00
1.586374882888435048e-02,8.802967005441662707e+01,5.483920347186263911e+01,1.000000000000000000e+00
-1.707751969038966838e-02,8.814379403704624849e+01,5.681566844303634412e+01,1.000000000000000000e+00
-7.263916174834158851e-05,8.817981673063833625e+01,5.515576108955789891e+01,1.000000000000000000e+00
1.406795586047608973e-02,8.810488719581758232e+01,5.611445184568782452e+01,1.000000000000000000e+00
-1.579562352869330263e-02,8.822798111687964706e+01,5.629473725667117634e+01,1.000000000000000000e+00
-1.038531442322452193e-03,8.803919289492378653e+01,5.514310312397125813e+01,1.000000000000000000e+00
-3.392999566368991998e-02,8.821653670267880898e+01,5.615204261267962238e+01,1.000000000000000000e+00
-5.462768323474685901e-05,8.816749945402314381e+01,5.579003563775444974e+01,1.000000000000000000e+00
1.763890466175119937e-02,8.809309250753237563e+01,5.681144396166520494e+01,1.000000000000000000e+00
-3.421795347769069663e-03,8.810139411370380458e+01,5.477866620270884823e+01,1.000000000000000000e+00
3.787730183861859334e-02,8.818737672104977321e+01,5.718196134730710867e+01,1.000000000000000000e+00
6.002418130856136506e-03,8.821046315112658931e+01,5.515277840062614700e+01,1.000000000000000000e+00
5.078172179436101635e-02,8.801080677471698266e+01,5.661037888763617332e+01,1.000000000000000000e+00
1.472291651205435634e-03,8.821483085247258771e+01,5.480655447621978738e+01,1.000000000000000000e+00
1.478648842576783980e-02,8.818180439063245046e+01,5.648958961196512973e+01,1.000000000000000000e+00
1.535450608393181503e-02,8.801727487123548599e+01,5.496324672876541229e+01,1.000000000000000000e+00
-2.043881041654520975e-02,8.815808024708064750e+01,5.603502751598908560e+01,1.000000000000000000e+00
-4.679213122529898329e-03,8.820970890761114447e+01,5.593305776610687730e+01,1.000000000000000000e+00
-6.819548576674197907e-03,8.820581810807067313e+01,5.578773824234752965e+01,1.000000000000000000e+00
6.991202086837369073e-03,8.812311583088145994e+01,5.530918746274630848e+01,1.000000000000000000e+00
1.080313615763425078e-02,8.823931104481575005e+01,5.488546101630865337e+01,1.000000000000000000e+00
1.913546485415946671e-02,8.814993107866939681e+01,5.491367752424537940e+01,1.000000000000000000e+00
1.800006573527255377e-02,8.822327431674995069e+01,5.440927250509510316e+01,1.000000000000000000e+00
-1.641874625927878042e-02,8.820991756683773133e+01,5.604607815498532375e+01,1.000000000000000000e+00
2.430649093071783964e-02,8.818862712161211448e+01,5.500897526410142291e+01,1.000000000000000000e+00
-2.669985549539838354e-02,8.821773733652763383e+01,5.578008232331823990e+01,1.000000000000000000e+00
7.493744115540228526e-03,8.815853625832640716e+01,5.513565879164852390e+01,1.000000000000000000e+00
5.068395264087410812e-02,8.811991916452279838e+01,5.746130353415652081e+01,1.000000000000000000e+00
1.137432939749407831e-02,8.810529748724859189e+01,5.438571204149023686e+01,1.000000000000000000e+00
5.708047380511402716e-03,8.816933702396421779e+01,5.575758310365817749e+01,1.000000000000000000e+00
4.234041678442234703e-03,8.806072087724342623e+01,5.557332624777786378e+01,1.000000000000000000e+00
-1.149128235999631077e-02,8.819199837058101821e+01,5.489148989094935871e+01,1.000000000000000000e+00
1.120007872012247947e-02,8.814555299550524126e+01,5.482121622711461839e+01,1.000000000000000000e+00
4.689899827682426046e-03,8.822139580022036398e+01,5.516052600557326002e+01,1.000000000000000000e+00
-1.897136487874329265e-03,8.811149436838148574e+01,5.632072247258393105e+01,1.000000000000000000e+00
-5.730845833429700290e-03,8.824149070969320974e+01,5.477655769563465782e+01,1.000000000000000000e+00
-6.108973648785882837e-03,8.801226535468695999e+01,5.661599873906810387e+01,1.000000000000000000e+00
-7.187626988394983825e-04,8.815738053725284828e+01,5.568789226130560621e+01,1.000000000000000000e+00
1.363217300445695654e-02,8.817363560758845153e+01,5.437240058957218025e+01,1.000000000000000000e+00
9.689257328671666003e-03,8.825471882977117843e+01,5.471246630469081396e+01,1.000000000000000000e+00
-1.579025538875314036e-02,8.823633116290443468e+01,5.559819428623556092e+01,1.000000000000000000e+00
1.148333732333857611e-02,8.820758693458802213e+01,5.524109489269497431e+01,1.000000000000000000e+00
-1.618381333562099109e-02,8.819305163228472111e+01,5.561261592059290138e+01,1.000000000000000000e+00
1.855796343355287786e-02,8.821350057159702374e+01,5.466630992825753310e+01,1.000000000000000000e+00
2.506483817028758165e-02,8.807878811855084678e+01,5.542444696540589177e+01,1.000000000000000000e+00
-6.274209953845033549e-03,8.812195712457564412e+01,5.476859791163672497e+01,1.000000000000000000e+00
1.340357247952782965e-02,8.820006366323475788e+01,5.494105878113570895e+01,1.000000000000000000e+00
3.172114793002565880e-02,8.818572209929156713e+01,5.721117207469762889e+01,1.000000000000000000e+00
-1.859002608665672254e-02,8.823555285105445023e+01,5.676235927655763192e+01,1.000000000000000000e+00
1.257147328223427903e-02,8.805898093080169531e+01,5.579533737427267681e+01,1.000000000000000000e+00
-1.147642002943946235e-02,8.798973881119184171e+01,5.640944519133265089e+01,1.000000000000000000e+00
-6.074597398493991433e-03,8.818220733272707434e+01,5.513664904773725794e+01,1.000000000000000000e+00
1.045825986759625105e-02,8.819204538971916918e+01,5.667971523605656614e+01,1.000000000000000000e+00
-2.545430071422844984e-02,8.818325814310809108e+01,5.552875191582437253e+01,1.000000000000000000e+00
3.087218184410882305e-02,8.798771338948949960e+01,5.655739076615114413e+01,1.000000000000000000e+00
3.827014500715832795e-02,8.818554504309005893e+01,5.653344952321737793e+01,1.000000000000000000e+00
2.974195048728435833e-02,8.805083203539425085e+01,5.598704839744331707e+01,1.000000000000000000e+00
-3.644670761573066790e-03,8.811522011320967351e+01,5.569727145606680807e+01,1.000000000000000000e+00
-1.536855242185204522e-02,8.820913082209860079e+01,5.687662663010161168e+01,1.000000000000000000e+00
-1.555292522982675181e-02,8.824858866700309079e+01,5.516972225701635324e+01,1.000000000000000000e+00
-1.165787305575294482e-02,8.818558793349724567e+01,5.538003321498120357e+01,1.000000000000000000e+00
6.855508956109531565e-03,8.802150002998409661e+01,5.577689662293312978e+01,1.000000000000000000e+00
-8.529070466250473700e-03,8.824003333426267659e+01,5.509192529405703453e+01,1.000000000000000000e+00
-5.407948063172134502e-04,8.803140287792544427e+01,5.564399448211123911e+01,1.000000000000000000e+00
3.901218832673757444e-04,8.824281201096457039e+01,5.596502012324491915e+01,1.000000000000000000e+00
3.618236132531407685e-05,8.814854656096736107e+01,5.464801872821553275e+01,1.000000000000000000e+00
-3.796430000465951526e-02,8.808641295736966015e+01,5.642626558793180891e+01,1.000000000000000000e+00
9.968290801619728025e-02,8.823589718497596834e+01,5.751287678780585111e+01,1.000000000000000000e+00
1.319860016100362320e-02,8.813309034565082811e+01,5.546979169954391864e+01,1.000000000000000000e+00
2.091824067927752079e-02,8.822975267936165267e+01,5.651353847120745399e+01,1.000000000000000000e+00
-2.497132723595581194e-02,8.823361215690349013e+01,5.608288804421714957e+01,1.000000000000000000e+00
8.460701904722560049e-03,8.818862277151310991e+01,5.530833274143969902e+01,1.000000000000000000e+00
8.699540157211543834e-02,8.816335747448991356e+01,5.730823487362240343e+01,1.000000000000000000e+00
2.351921422250626004e-02,8.822740788152243852e+01,5.453052828077769476e+01,1.000000000000000000e+00
2.994165641395745564e-02,8.818546461524127267e+01,5.570302577334806671e+01,1.000000000000000000e+00
-3.056795577302726086e-04,8.801423899663048189e+01,5.477617895666708137e+01,1.000000000000000000e+00
-2.996290935345636858e-03,8.819359803857702218e+01,5.498085853876780504e+01,1.000000000000000000e+00
-1.318400540672977177e-02,8.810150893086489532e+01,5.579627566448566256e+01,1.000000000000000000e+00
2.685111912700554465e-02,8.811376672385257791e+01,5.607416451598844986e+01,1.000000000000000000e+00
3.880029354018269677e-03,8.819253863462164134e+01,5.596990551521305690e+01,1.000000000000000000e+00
-1.795299550455740217e-02,8.822332373229350821e+01,5.544804635711089702e+01,1.000000000000000000e+00
-1.505162299170190524e-02,8.823001356548157048e+01,5.570924532804427542e+01,1.000000000000000000e+00
1.227341775466532156e-02,8.822980046914119612e+01,5.446739047803666267e+01,1.000000000000000000e+00
-2.191998691372243867e-03,8.823607071960734061e+01,5.649708271620614397e+01,1.000000000000000000e+00
-2.645404481227312324e-02,8.816342882697379935e+01,5.561608808825275929e+01,1.000000000000000000e+00
3.001060901620505178e-02,8.817768315973833637e+01,5.582039572132536165e+01,1.000000000000000000e+00
3.582011372014650558e-02,8.815410120923176862e+01,5.458318245089348864e+01,1.000000000000000000e+00
4.691283568085247851e-02,8.818368780677802476e+01,5.719223590068999385e+01,1.000000000000000000e+00
-1.248983029215306427e-02,8.825616628633945027e+01,5.630436962943938539e+01,1.000000000000000000e+00
1.159349959804121394e-02,8.818489371181409808e+01,5.634484632906749368e+01,1.000000000000000000e+00
-1.856249936267464953e-03,8.812970063713038371e+01,5.742451360058517196e+01,1.000000000000000000e+00
-1.834250903901459701e-02,8.811462698184155329e+01,5.511684677225745332e+01,1.000000000000000000e+00
-1.653049745301372539e-02,8.819680422378816331e+01,5.541098266968953112e+01,1.000000000000000000e+00
4.934742996248585138e-03,8.814451418589158038e+01,5.638657603338344160e+01,1.000000000000000000e+00
-2.240747477980268611e-03,8.816603627075399174e+01,5.564598793314666381e+01,1.000000000000000000e+00
1.513231470032282491e-02,8.815203878158507678e+01,5.589002749350711241e+01,1.000000000000000000e+00
4.253731468366988601e-03,8.825261157349700625e+01,5.539565185105323764e+01,1.000000000000000000e+00
5.132189855893201647e-02,8.810368102610532048e+01,5.715171822155554793e+01,1.000000000000000000e+00
-8.797743655966880003e-03,8.809265630355774590e+01,5.483930150282009919e+01,1.000000000000000000e+00
4.472999671605040750e-03,8.818778967366513655e+01,5.654161818039210630e+01,1.000000000000000000e+00
-1.454604381797698891e-03,8.820583892150480665e+01,5.673791691320937502e+01,1.000000000000000000e+00
-2.314183598797256176e-03,8.811121025744326118e+01,5.458035503403928601e+01,1.000000000000000000e+00
1.751264702545359334e-02,8.798224088813751109e+01,5.575616538082429940e+01,1.000000000000000000e+00
4.218737103479031775e-02,8.803055896810357694e+01,5.703844031216596733e+01,1.000000000000000000e+00
-1.336322837555294074e-02,8.816561942252664608e+01,5.584189761780612571e+01,1.000000000000000000e+00
1.954661977426094474e-02,8.815467195288415780e+01,5.688411716540773710e+01,1.000000000000000000e+00
9.382560867569082405e-04,8.816477758210838545e+01,5.552458912311795558e+01,1.000000000000000000e+00
-2.322030655806976013e-02,8.811091765303842749e+01,5.588596539123165030e+01,1.000000000000000000e+00
-2.422233412682648149e-02,8.824162228236123440e+01,5.720762344898143681e+01,1.000000000000000000e+00
1.584492928202800924e-02,8.816065744222996159e+01,5.456156130393683412e+01,1.000000000000000000e+00
1.073374483154239389e-02,8.806719012784877521e+01,5.526044441937840190e+01,1.000000000000000000e+00
8.537923371723613042e-03,8.818564161401492640e+01,5.653138927578878281e+01,1.000000000000000000e+00
-1.244378634551960433e-02,8.818567873819297631e+01,5.551375436098279437e+01,1.000000000000000000e+00
1.176595887548781243e-02,8.819502156440236718e+01,5.480563347775963479e+01,1.000000000000000000e+00
1.891371683736106646e-02,8.821617180452801676e+01,5.503513749870663929e+01,1.000000000000000000e+00
4.063898533040572608e-02,8.818472814472139021e+01,5.700737648905371202e+01,1.000000000000000000e+00
4.390063901848600611e-03,8.814568641659518278e+01,5.646415776875734593e+01,1.000000000000000000e+00
4.665048733787869641e-03,8.818559969524523012e+01,5.664205597818367721e+01,1.000000000000000000e+00
4.683188839069314484e-03,8.822061012308941486e+01,5.527295440949890803e+01,1.000000000000000000e+00
2.261112055518500405e-02,8.822649498184961203e+01,5.661251973753886091e+01,1.000000000000000000e+00
-2.247396816199829714e-02,8.814999131401577870e+01,5.685425686591939609e+01,1.000000000000000000e+00
-5.669332410972424512e-03,8.798221232539512471e+01,5.481091707237193589e+01,1.000000000000000000e+00
4.495178652634618070e-03,8.823699386554783075e+01,5.443291642282971310e+01,1.000000000000000000e+00
4.227434397056376719e-02,8.823453446548261070e+01,5.745679685595695219e+01,1.000000000000000000e+00
-5.374707219412732176e-03,8.801972667102876358e+01,5.547487532258345766e+01,1.000000000000000000e+00
4.044492963192127953e-04,8.818039937203437262e+01,5.511362419437993765e+01,1.000000000000000000e+00
-8.906334405711801737e-04,8.816245020166356028e+01,5.605759648955560692e+01,1.000000000000000000e+00
1.489344541156504415e-02,8.814202422371596413e+01,5.591369725465867901e+01,1.000000000000000000e+00
-3.418766093413826840e-02,8.809738719159815901e+01,5.561919529905953397e+01,1.000000000000000000e+00
-6.334964776779605268e-03,8.810450037902349152e+01,5.574012774641941803e+01,1.000000000000000000e+00
-2.626146961629194018e-02,8.816915030742896420e+01,5.563432051780231546e+01,1.000000000000000000e+00
2.402336051066963213e-02,8.820644086951833174e+01,5.470474406164700554e+01,1.000000000000000000e+00
2.084375261115109165e-02,8.821025955728462975e+01,5.624879726366348365e+01,1.000000000000000000e+00
4.155755897000433519e-02,8.814007606544058149e+01,5.606232183932188207e+01,1.000000000000000000e+00
-6.376963344101854898e-03,8.825728312899029504e+01,5.679893271067247440e+01,1.000000000000000000e+00
2.834997990012209576e-02,8.819795948055305246e+01,5.523457822772563475e+01,1.000000000000000000e+00
7.051143192202026164e-03,8.816438875171336065e+01,5.485220771561525765e+01,1.000000000000000000e+00
3.199442734465442889e-02,8.817907713639553435e+01,5.457712589067877929e+01,1.000000000000000000e+00
2.294066675067095527e-03,8.812437311066970835e+01,5.618367407797110502e+01,1.000000000000000000e+00
1.460836645161684745e-02,8.809417373672553708e+01,5.565067846116589578e+01,1.000000000000000000e+00
-9.665819398439306695e-03,8.822990625874739123e+01,5.557918831400827742e+01,1.000000000000000000e+00
6.145728674874535204e-03,8.808037367537264117e+01,5.470913566545645779e+01,1.000000000000000000e+00
6.622499043651808304e-02,8.814737728240694992e+01,5.689553222747964156e+01,1.000000000000000000e+00
-2.237901860970869031e-02,8.822359262660434354e+01,5.543500205467134379e+01,1.000000000000000000e+00
-3.068495313368072713e-02,8.820977199827335369e+01,5.620266906589981204e+01,1.000000000000000000e+00
-3.057065213778628349e-03,8.814873924301721786e+01,5.587321508145866744e+01,1.000000000000000000e+00
6.215356564777473926e-03,8.824762921489379153e+01,5.524071803134930292e+01,1.000000000000000000e+00
5.573576513500284185e-03,8.806678820704817667e+01,5.426223005827172585e+01,1.000000000000000000e+00
-1.579521226764705327e-02,8.820164154825776848e+01,5.592921732455747019e+01,1.000000000000000000e+00
6.407365952877167731e-03,8.817991488198197203e+01,5.486037115903747008e+01,1.000000000000000000e+00
-2.976327695958387674e-03,8.822215444087306935e+01,5.654303360015846636e+01,1.000000000000000000e+00
6.542640025185442014e-03,8.815224965945529334e+01,5.670444618648043900e+01,1.000000000000000000e+00
-3.616103510884905586e-02,8.821130404948665671e+01,5.606983970122142580e+01,1.000000000000000000e+00
-2.998052423463690944e-03,8.822191527900194785e+01,5.636575207782203734e+01,1.000000000000000000e+00
1.198085840406464819e-01,8.816246181946655724e+01,5.733653332615745057e+01,1.000000000000000000e+00
2.232591471385579965e-02,8.820197380463034165e+01,5.634333287836945203e+01,1.000000000000000000e+00
2.849169307998721933e-03,8.815607248094011084e+01,5.541648849497887852e+01,1.000000000000000000e+00
2.885961247015788114e-02,8.818458181825791087e+01,5.675366990374129728e+01,1.000000000000000000e+00
3.470933100881314071e-02,8.820813233366233419e+01,5.688133902941268616e+01,1.000000000000000000e+00
-1.468513217120392261e-03,8.810462732167464139e+01,5.548564372173557757e+01,1.000000000000000000e+00
-2.056536821056101014e-02,8.806485425877286843e+01,5.579650248680081859e+01,1.000000000000000000e+00
-8.928270309820339826e-03,8.821561584747723828e+01,5.611433679599041824e+01,1.000000000000000000e+00
-2.092824907940091586e-02,8.823646195790526292e+01,5.630511191549990713e+01,1.000000000000000000e+00
-4.738968240945991978e-03,8.818090198573915472e+01,5.523324791571231174e+01,1.000000000000000000e+00
-6.328197116012825897e-03,8.811591439219772326e+01,5.460057086077546273e+01,1.000000000000000000e+00
-8.442614557021803010e-03,8.817719403589468641e+01,5.597635673496505149e+01,1.000000000000000000e+00
3.710330222532400024e-02,8.807012278985627063e+01,5.618340562654280745e+01,1.000000000000000000e+00
-5.906201173441426831e-03,8.813549961756663720e+01,5.569399079649534912e+01,1.000000000000000000e+00
4.245215912528341878e-02,8.811484397590243134e+01,5.678416142864282534e+01,1.000000000000000000e+00
2.382796613209343592e-02,8.816008346210777802e+01,5.682077338982080050e+01,1.000000000000000000e+00
-3.037105988863396389e-02,8.803786645911310416e+01,5.525137964125616463e+01,1.000000000000000000e+00
-1.205283193194606542e-02,8.807978095379682770e+01,5.534148275878117573e+01,1.000000000000000000e+00
-6.707163976442233853e-03,8.825932988886643216e+01,5.691992109354208651e+01,1.000000000000000000e+00
-1.860553531736199809e-03,8.819442013438204242e+01,5.732078047085642680e+01,1.000000000000000000e+00
7.170711214955024669e-04,8.824489655145004008e+01,5.583039955513390851e+01,1.000000000000000000e+00
-1.077272856541343186e-02,8.821553204667605996e+01,5.521762058472275925e+01,1.000000000000000000e+00
-1.568683827433609707e-02,8.806861785263126308e+01,5.630834724965712468e+01,1.000000000000000000e+00
-4.308695579738561383e-03,8.822593951788931577e+01,5.551359611332938471e+01,1.000000000000000000e+00
-1.092205755141083603e-02,8.810836247389602249e+01,5.544661021067329898e+01,1.000000000000000000e+00
3.986583297184591312e-03,8.818115738939744119e+01,5.550668933632778845e+01,1.000000000000000000e+00
-1.279026340945114970e-02,8.822384972228910271e+01,5.565727588533435011e+01,1.000000000000000000e+00
1.255576185265975305e-03,8.794071105187043713e+01,5.365495036487412506e+01,1.000000000000000000e+00
-5.860211546760786538e-03,8.821264657466352332e+01,5.509272915088384792e+01,1.000000000000000000e+00
3.456532754708060984e-02,8.816095618845123738e+01,5.475208470033666686e+01,1.000000000000000000e+00
-5.349427163228764187e-03,8.812349655434276485e+01,5.601524841380854980e+01,1.000000000000000000e+00
-1.237517373845764546e-02,8.814233454424974923e+01,5.626383497866842731e+01,1.000000000000000000e+00
6.927390017035017777e-02,8.817785408740068931e+01,5.775124110312241754e+01,1.000000000000000000e+00
-1.696016894067800193e-02,8.812935732696601576e+01,5.586907722609780080e+01,0.000000000000000000e+00
3.788432494465047290e-02,8.823219191311278564e+01,5.681692889701501059e+01,0.000000000000000000e+00
1.427188086526478585e-02,8.867291259035697237e+01,5.520264904440261233e+01,0.000000000000000000e+00
-2.979555540242014369e-03,8.799922988315971395e+01,5.404109307756974800e+01,0.000000000000000000e+00
3.788432494465047290e-02,8.823219191311278564e+01,5.681692889701501059e+01,0.000000000000000000e+00
-5.227382727423521627e-03,8.819349763042916379e+01,5.570998635159915580e+01,0.000000000000000000e+00
2.311465737635006856e-03,0.000000000000000000e+00,5.333883293016033633e+01,0.000000000000000000e+00
1.840424918338668531e-02,8.853905901049429872e+01,5.543526805769766241e+01,0.000000000000000000e+00
-4.981885320562249621e-03,8.819192094129786597e+01,5.489578877803218404e+01,0.000000000000000000e+00
4.219846820615505423e-03,8.811345129545262012e+01,5.528687925068198439e+01,0.000000000000000000e+00
1.086820467725897223e-02,8.820728329788278188e+01,5.535580519825997214e+01,0.000000000000000000e+00
1.167043260028690667e-02,8.871662504266761573e+01,5.436965935360205293e+01,0.000000000000000000e+00
1.623985180112486396e-02,8.843135469179694041e+01,5.478527782037208738e+01,0.000000000000000000e+00
-1.702307785404783350e-02,8.819013596768546392e+01,5.597412649681370311e+01,0.000000000000000000e+00
1.276658772104951635e-02,8.821205932721984766e+01,5.527704871805241282e+01,0.000000000000000000e+00
7.807001402910002281e-03,8.823615228220297979e+01,5.499581638500462333e+01,0.000000000000000000e+00
2.364584191095260145e-03,8.810931538523558970e+01,5.541318120691958171e+01,0.000000000000000000e+00
-1.794938663655238839e-02,8.807558510716820876e+01,5.633361770980783945e+01,0.000000000000000000e+00
-1.278811642000440146e-02,8.831271081238396903e+01,5.524901502011309873e+01,0.000000000000000000e+00
-9.439451012067869018e-03,8.767227478541747132e+01,5.497144445098217602e+01,0.000000000000000000e+00
5.206260462029964516e-03,8.820039698469211942e+01,5.430357529736320998e+01,0.000000000000000000e+00
-3.151522429103735101e-03,8.852853676550621742e+01,5.467511714337423712e+01,0.000000000000000000e+00
-3.052081918034376274e-03,8.823926188125911096e+01,5.426345093973444023e+01,0.000000000000000000e+00
5.011245570776155095e-02,8.829528010265859450e+01,5.701953999359866998e+01,0.000000000000000000e+00
-2.417865272155044973e-03,8.819878183086045453e+01,5.494127796065129843e+01,0.000000000000000000e+00
-2.417865272155044973e-03,8.819878183086045453e+01,5.494127796065129843e+01,0.000000000000000000e+00
7.188265130480734830e-03,8.861769437790073312e+01,5.482340181990424099e+01,0.000000000000000000e+00
6.637342175136287485e-03,8.847472545582346015e+01,5.489617106569747307e+01,0.000000000000000000e+00
-1.041144229139121490e-02,8.799060666868868452e+01,5.461715871648738130e+01,0.000000000000000000e+00
2.780928747459485151e-03,8.808581833689667917e+01,5.414330562660503432e+01,0.000000000000000000e+00
-1.794938663655238839e-02,8.807558510716820876e+01,5.633361770980783945e+01,0.000000000000000000e+00
5.213231770433941065e-03,8.819992350906871081e+01,5.554807088931173809e+01,0.000000000000000000e+00
-1.682403376945851639e-02,8.819253831884600459e+01,5.638726414971023360e+01,0.000000000000000000e+00
-3.900221225588792378e-04,8.808154741002520893e+01,5.455798028458496418e+01,0.000000000000000000e+00
8.248870852866050513e-03,8.865687165473852360e+01,5.464799925867464481e+01,0.000000000000000000e+00
6.838846563054242107e-03,8.811736142334660826e+01,5.518322489389986885e+01,0.000000000000000000e+00
6.838846563054242107e-03,8.811736142334660826e+01,5.518322489389986885e+01,0.000000000000000000e+00
1.720110588966790224e-03,8.813244950840206116e+01,5.512355927967889357e+01,0.000000000000000000e+00
9.973536681657395320e-03,8.818650074547116446e+01,5.677902811758247026e+01,0.000000000000000000e+00
2.158716443079669502e-03,8.845211563690418188e+01,5.427133520064472805e+01,0.000000000000000000e+00
-7.222378565393257170e-03,8.656024944308541080e+01,5.394954429988062827e+01,0.000000000000000000e+00
9.973536681657395320e-03,8.818650074547116446e+01,5.677902811758247026e+01,0.000000000000000000e+00
2.462324586555981413e-03,8.863602306331259229e+01,5.530503393075760243e+01,0.000000000000000000e+00
1.086820467725897223e-02,8.820728329788278188e+01,5.535580519825997214e+01,0.000000000000000000e+00
9.880171790940443441e-03,8.787044662060510802e+01,5.618945074749794344e+01,0.000000000000000000e+00
6.838846563054242107e-03,8.811736142334660826e+01,5.518322489389986885e+01,0.000000000000000000e+00
1.802361095725533990e-02,8.791133888853666178e+01,5.479809203813996277e+01,0.000000000000000000e+00
3.788432494465047290e-02,8.823219191311278564e+01,5.681692889701501059e+01,0.000000000000000000e+00
3.788432494465047290e-02,8.823219191311278564e+01,5.681692889701501059e+01,0.000000000000000000e+00
6.735261494951123688e-03,8.812582530710260187e+01,5.494656481510880042e+01,0.000000000000000000e+00
5.018024010468259688e-02,8.812505211801298799e+01,5.701597655549028332e+01,0.000000000000000000e+00
6.510582313369325282e-03,8.819191920614447611e+01,5.434543101439716395e+01,0.000000000000000000e+00
-1.842585324924979340e-02,8.820685239980616643e+01,5.580778938027357583e+01,0.000000000000000000e+00
1.503205265754752225e-02,8.839576675583887777e+01,5.473181325326702051e+01,0.000000000000000000e+00
-1.748810866210982230e-03,8.819423574268176935e+01,5.417471370674874720e+01,0.000000000000000000e+00
-1.801509310390821302e-03,8.799533077870162856e+01,5.387199341710920919e+01,0.000000000000000000e+00
6.702998164842802545e-03,8.811114298590572957e+01,5.501181554680746899e+01,0.000000000000000000e+00
2.773792497766233364e-03,8.814213614222791193e+01,5.441828442561398305e+01,0.000000000000000000e+00
-1.195767231972657066e-02,8.820089701814448802e+01,5.630947034211040858e+01,0.000000000000000000e+00
7.146105955286970873e-03,8.863155360184563847e+01,5.478843155732938186e+01,0.000000000000000000e+00
5.010182765083392303e-02,8.833876999461892865e+01,5.691699909562258597e+01,0.000000000000000000e+00
-1.587962693927687718e-03,8.799612853684382685e+01,5.398286713261881431e+01,0.000000000000000000e+00
-2.417865272155044973e-03,8.819878183086045453e+01,5.494127796065129843e+01,0.000000000000000000e+00
-4.280432160040622928e-03,8.870064098926280849e+01,5.440289476336674568e+01,0.000000000000000000e+00
-4.117323993715857637e-04,8.820762812586727364e+01,5.561050269302591431e+01,0.000000000000000000e+00
6.381079883308419035e-03,8.816721717521663493e+01,5.499777559095949897e+01,0.000000000000000000e+00
-6.640234223573500925e-03,8.825134727280219238e+01,5.469024088268722039e+01,0.000000000000000000e+00
8.465843103692152760e-03,8.808824450094907377e+01,5.437154519469778791e+01,0.000000000000000000e+00
9.647403996947934504e-03,8.828805267050209693e+01,5.445566732971356316e+01,0.000000000000000000e+00
-2.331913874232306727e-02,8.817956284457179095e+01,5.518851364285958283e+01,0.000000000000000000e+00
-1.991640378565411734e-02,8.851248835206287424e+01,5.435349832065757880e+01,0.000000000000000000e+00
3.085751457089874489e-03,8.817834249364054244e+01,5.431133624914384228e+01,0.000000000000000000e+00
5.154895273491344639e-03,8.818893144160190900e+01,5.482434272343618886e+01,0.000000000000000000e+00
-1.228189714476980721e-02,8.818518510407216127e+01,5.610118016260806684e+01,0.000000000000000000e+00
-1.040558584732223339e-02,8.645085532828510111e+01,5.492879479629704065e+01,0.000000000000000000e+00
1.825877856880275471e-02,8.822363432042421039e+01,5.585684215265561647e+01,0.000000000000000000e+00
2.056504752987269383e-02,8.813661871649514978e+01,5.706947367913330993e+01,0.000000000000000000e+00
-1.982107929605454039e-02,8.814199999350404369e+01,5.433540548225436595e+01,0.000000000000000000e+00
-4.745589953908556022e-03,8.840591840377145161e+01,5.399526878133673335e+01,0.000000000000000000e+00
7.070669228938000414e-03,8.698744704889030288e+01,5.386499298314533490e+01,0.000000000000000000e+00
1.427974734047530135e-02,0.000000000000000000e+00,5.381447325933325487e+01,0.000000000000000000e+00
-2.948332685649800947e-03,8.783214690653335310e+01,5.427543661877700032e+01,0.000000000000000000e+00
-1.064575771574130525e-02,8.816404848442621756e+01,5.489636597039978483e+01,0.000000000000000000e+00
4.214905465848146210e-03,8.690094197332797421e+01,5.370355310825560480e+01,0.000000000000000000e+00
2.056504752987269383e-02,8.813661871649514978e+01,5.706947367913330993e+01,0.000000000000000000e+00
-1.201604573226620204e-02,8.821455223222177722e+01,5.521466772075064711e+01,0.000000000000000000e+00
-5.153117824747096599e-03,8.821905877561850673e+01,5.520780194579177191e+01,0.000000000000000000e+00
-3.931688896884566638e-03,8.823680419624832894e+01,5.584688663600552871e+01,0.000000000000000000e+00
-1.937557235530693652e-04,8.820688057485729416e+01,5.656307033629318681e+01,0.000000000000000000e+00
-3.795558658020164490e-03,8.878941855058373278e+01,5.468601295854317357e+01,0.000000000000000000e+00
1.926329083994543804e-03,8.823030572002306826e+01,5.437893829530884204e+01,0.000000000000000000e+00
-2.645550936726490197e-03,8.819755002177666370e+01,5.587542255281974235e+01,0.000000000000000000e+00
-3.931688896884566638e-03,8.823680419624832894e+01,5.584688663600552871e+01,0.000000000000000000e+00
2.308825721989287913e-02,8.866215415610595585e+01,5.541590071233355275e+01,0.000000000000000000e+00
-5.510575762963653389e-03,8.806351027306536139e+01,5.567517985074881892e+01,0.000000000000000000e+00
-1.176510782065909658e-02,8.809674382388089953e+01,5.657829172207755164e+01,0.000000000000000000e+00
4.063938281631485940e-03,8.814372482305148537e+01,5.454529381540290700e+01,0.000000000000000000e+00
1.191766134060078279e-03,8.807046970677797049e+01,5.376972245594154032e+01,0.000000000000000000e+00
7.476264525758062780e-03,8.820114752555616633e+01,5.457881005861509038e+01,0.000000000000000000e+00
-6.044754729312970531e-03,8.792906171784332514e+01,5.473101215394184038e+01,0.000000000000000000e+00
-2.645550936726490197e-03,8.819755002177666370e+01,5.587542255281974235e+01,0.000000000000000000e+00
-2.331913874232306727e-02,8.817956284457179095e+01,5.518851364285958283e+01,0.000000000000000000e+00
6.381079883308419035e-03,8.816721717521663493e+01,5.499777559095949897e+01,0.000000000000000000e+00
-1.150856417153308525e-02,8.765262850649936865e+01,5.609682837464070104e+01,0.000000000000000000e+00
1.825877856880275471e-02,8.822363432042421039e+01,5.585684215265561647e+01,0.000000000000000000e+00
-7.195470266928558935e-03,8.810106955446454435e+01,5.668651825506817232e+01,0.000000000000000000e+00
-3.372714810278946984e-03,8.824292502127025273e+01,5.588319415716580352e+01,0.000000000000000000e+00
1.143820074434089874e-02,8.862367450980404726e+01,5.650864073124903086e+01,0.000000000000000000e+00
7.886072916779781478e-03,8.805102004928788517e+01,5.645492409265432343e+01,0.000000000000000000e+00
-1.203721657265993412e-03,8.814648434778860064e+01,5.437537792974027440e+01,0.000000000000000000e+00
8.575844603317056905e-03,8.819347938078900029e+01,5.440165035673728511e+01,0.000000000000000000e+00
-1.176510782065909658e-02,8.809674382388089953e+01,5.657829172207755164e+01,0.000000000000000000e+00
9.974705076348500815e-03,8.827066863471591773e+01,5.408829945167988029e+01,0.000000000000000000e+00
1.091849109735910060e-02,8.819129322204362609e+01,5.453099257891179263e+01,0.000000000000000000e+00
7.886072916779781478e-03,8.805102004928788517e+01,5.645492409265432343e+01,0.000000000000000000e+00
7.563939991626586826e-03,8.826705490627564643e+01,5.509834510269398322e+01,0.000000000000000000e+00
-1.095079692837338387e-02,8.798842493919359242e+01,5.508739510886397284e+01,0.000000000000000000e+00
-1.025422179127677413e-02,8.693981088384775546e+01,5.410793770315986251e+01,0.000000000000000000e+00
7.578743353807581087e-03,8.831618092160762501e+01,5.515769976710145528e+01,0.000000000000000000e+00
7.563939991626586826e-03,8.826705490627564643e+01,5.509834510269398322e+01,0.000000000000000000e+00
-2.331913874232306727e-02,8.817956284457179095e+01,5.518851364285958283e+01,0.000000000000000000e+00
-3.931688896884566638e-03,8.823680419624832894e+01,5.584688663600552871e+01,0.000000000000000000e+00
5.154895273491344639e-03,8.818893144160190900e+01,5.482434272343618886e+01,0.000000000000000000e+00
-2.450723177104310521e-02,8.805941459059305032e+01,5.647432200776687239e+01,0.000000000000000000e+00
-1.064575771574130525e-02,8.816404848442621756e+01,5.489636597039978483e+01,0.000000000000000000e+00
-1.222597819072348407e-02,8.820462392797621476e+01,5.604845622586861964e+01,0.000000000000000000e+00
4.915142883005369293e-03,8.817110105249237506e+01,5.502164122345910613e+01,0.000000000000000000e+00
-4.840708682301711539e-04,8.737464875198496372e+01,5.537987348100267582e+01,0.000000000000000000e+00
1.756896734651451283e-02,8.816642510078405337e+01,5.480627682532694678e+01,0.000000000000000000e+00
2.376321852270182888e-02,8.808214928811759137e+01,5.613876082712003068e+01,0.000000000000000000e+00
-3.712629070272236982e-04,8.875160542206333503e+01,5.395216163706410839e+01,0.000000000000000000e+00
-1.363993382459407697e-02,8.816532040160799966e+01,5.546101950335889796e+01,0.000000000000000000e+00
-4.825973179241113274e-05,8.845382970332650530e+01,5.633301174232347819e+01,0.000000000000000000e+00
-1.176510782065909658e-02,8.809674382388089953e+01,5.657829172207755164e+01,0.000000000000000000e+00
2.397068404537115033e-02,8.816918908563397395e+01,5.605773147194966555e+01,0.000000000000000000e+00
-1.363993382459407697e-02,8.816532040160799966e+01,5.546101950335889796e+01,0.000000000000000000e+00
7.975691825446046832e-04,8.777826470846970608e+01,5.478845212375563278e+01,0.000000000000000000e+00
-3.133896323387812786e-03,8.830801365193258334e+01,5.519735812875482850e+01,0.000000000000000000e+00
-1.050991324092919073e-02,8.840676329409457423e+01,5.494173765815495614e+01,0.000000000000000000e+00
-4.105407556323194262e-03,8.821907382623783178e+01,5.510534663278407663e+01,0.000000000000000000e+00
-3.810961411374043199e-03,8.818185095255809358e+01,5.589410312614123910e+01,0.000000000000000000e+00
-5.041364970496717279e-03,8.826688328837131792e+01,5.425765976163448556e+01,0.000000000000000000e+00
-1.357213403330186953e-02,8.824661080396938928e+01,5.602957050334661915e+01,0.000000000000000000e+00
2.365799145792805633e-02,8.817134415595180030e+01,5.546664820853873579e+01,0.000000000000000000e+00
-4.796295564714151208e-03,8.811683189849712505e+01,5.546177245788111065e+01,0.000000000000000000e+00
8.787181525288288806e-04,8.819253253733143083e+01,5.475201445155599345e+01,0.000000000000000000e+00
1.689209760582244648e-03,8.880458239424633859e+01,5.430197573747342688e+01,0.000000000000000000e+00
-4.796295564714151208e-03,8.811683189849712505e+01,5.546177245788111065e+01,0.000000000000000000e+00
1.050190149378797851e-02,8.809663632266277489e+01,5.377523261087185347e+01,0.000000000000000000e+00
2.847100798254787336e-03,8.874255075783088387e+01,5.498686353057471621e+01,0.000000000000000000e+00
-4.407234923053195185e-04,8.871372401713941258e+01,5.422074412600811399e+01,0.000000000000000000e+00
-5.014737802226172658e-03,8.820230227804296419e+01,5.423788342262790252e+01,0.000000000000000000e+00
4.332715881459346489e-03,8.876055728492933383e+01,5.501810444444324588e+01,0.000000000000000000e+00
-2.152959468789229086e-03,8.812312725287351611e+01,5.541656824520423896e+01,0.000000000000000000e+00
-1.187735481565563300e-02,8.803644131449593146e+01,5.495823941519277867e+01,0.000000000000000000e+00
7.881368018557582695e-04,8.784166513194153936e+01,5.427311346751830001e+01,0.000000000000000000e+00
1.114116183394601133e-02,8.866655001796117119e+01,5.373185039220791737e+01,0.000000000000000000e+00
-1.186974144103135169e-02,8.780976813240113188e+01,5.484022920718092564e+01,0.000000000000000000e+00
-1.799428185273479715e-04,8.824617379176780219e+01,5.452168207962047575e+01,0.000000000000000000e+00
-1.357213403330186953e-02,8.824661080396938928e+01,5.602957050334661915e+01,0.000000000000000000e+00
1.177072824587266885e-02,8.820540461465728299e+01,5.425869811672477994e+01,0.000000000000000000e+00
8.697504740324895137e-03,8.818895274099811843e+01,5.389395715411482968e+01,0.000000000000000000e+00
-4.176922480810849048e-03,8.818431025846035709e+01,5.552806176856489628e+01,0.000000000000000000e+00
-3.662924280365562925e-03,8.824610192832247435e+01,5.529609402067637802e+01,0.000000000000000000e+00
7.423325378129546053e-04,8.864012400085039189e+01,5.383880035553631416e+01,0.000000000000000000e+00
-6.943147241018482289e-03,8.824843978227360708e+01,5.537425170811580699e+01,0.000000000000000000e+00
-6.952210960674342494e-03,8.821764427579256562e+01,5.536867742451853047e+01,0.000000000000000000e+00
2.830389672366568233e-03,8.825027648875341413e+01,5.417435739345462764e+01,0.000000000000000000e+00
-1.725834096505122399e-04,8.813914080180165911e+01,5.447944883088580070e+01,0.000000000000000000e+00
-2.258958823247310746e-03,8.838527438634008604e+01,5.541733888739639724e+01,0.000000000000000000e+00
-2.279571172188260900e-02,8.819825940724703628e+01,5.560789620296370117e+01,0.000000000000000000e+00
-1.357213403330186953e-02,8.824661080396938928e+01,5.602957050334661915e+01,0.000000000000000000e+00
4.182646112760113680e-04,8.819536810059382503e+01,5.421643599619758902e+01,0.000000000000000000e+00
-2.564296336533625816e-03,8.813788918587229659e+01,5.586093940132297320e+01,0.000000000000000000e+00
8.143348677719897469e-03,8.819645861206060999e+01,5.476588635729291354e+01,0.000000000000000000e+00
8.787181525288288806e-04,8.819253253733143083e+01,5.475201445155599345e+01,0.000000000000000000e+00
2.365799145792805633e-02,8.817134415595180030e+01,5.546664820853873579e+01,0.000000000000000000e+00
1.477807905057620941e-02,8.818516111385852696e+01,5.622928783132230990e+01,0.000000000000000000e+00
-1.830391126049934342e-02,8.819381528812652959e+01,5.402749321455635823e+01,0.000000000000000000e+00
-8.014646081877431103e-04,8.814530688874359043e+01,5.499458597991149134e+01,0.000000000000000000e+00
2.273294421031665097e-02,8.757479665754559051e+01,5.500404657736442005e+01,0.000000000000000000e+00
1.820423738062288202e-02,8.825028541776325142e+01,5.584875345395251145e+01,0.000000000000000000e+00
1.312710475641917438e-02,8.799771592976512125e+01,5.601238983667314386e+01,0.000000000000000000e+00
-2.152959468789229086e-03,8.812312725287351611e+01,5.541656824520423896e+01,0.000000000000000000e+00
1.465278885156204823e-02,8.818492145967282170e+01,5.622689937974710972e+01,0.000000000000000000e+00
1.079474511749876171e-03,8.773818565190485685e+01,5.474764494551776295e+01,0.000000000000000000e+00
-5.346094280837808757e-03,8.812373420458064288e+01,5.412724164475653765e+01,0.000000000000000000e+00
-2.141155817630945642e-03,8.837707338679371105e+01,5.544008837181866767e+01,0.000000000000000000e+00
-1.801284293716168966e-02,8.829462487582128460e+01,5.591538447748527574e+01,0.000000000000000000e+00
3.878371058869740061e-03,8.819993007016422837e+01,5.458116411129942236e+01,0.000000000000000000e+00
6.185477319093097420e-03,8.815299529902434017e+01,5.500105873835653369e+01,0.000000000000000000e+00
-1.777019938351692349e-02,8.848079291999451357e+01,5.585946473016975489e+01,0.000000000000000000e+00
-6.454176337282237566e-03,8.867290458456552926e+01,5.535419592077167295e+01,0.000000000000000000e+00
1.881724812647452786e-03,8.829318255826963480e+01,5.403846160133349485e+01,0.000000000000000000e+00
2.365799145792805633e-02,8.817134415595180030e+01,5.546664820853873579e+01,0.000000000000000000e+00
-1.187735481565563300e-02,8.803644131449593146e+01,5.495823941519277867e+01,0.000000000000000000e+00
-2.152959468789229086e-03,8.812312725287351611e+01,5.541656824520423896e+01,0.000000000000000000e+00
-8.014646081877431103e-04,8.814530688874359043e+01,5.499458597991149134e+01,0.000000000000000000e+00
-5.014737802226172658e-03,8.820230227804296419e+01,5.423788342262790252e+01,0.000000000000000000e+00
-3.748816153592531274e-05,8.810277705054706132e+01,5.473693322266776562e+01,0.000000000000000000e+00
-1.455943087184598597e-02,8.825527844080671969e+01,5.531010883358590746e+01,0.000000000000000000e+00
-9.485562734991351969e-03,8.870427455701188535e+01,5.427827464413393699e+01,0.000000000000000000e+00
6.374222872642550802e-03,8.818785326581348727e+01,5.624467981569325303e+01,0.000000000000000000e+00
1.697020638707002343e-02,8.828459819286752008e+01,5.407975138185388175e+01,0.000000000000000000e+00
-3.662924280365562925e-03,8.824610192832247435e+01,5.529609402067637802e+01,0.000000000000000000e+00
-2.424810228262334194e-02,8.842209591335124230e+01,5.569481312224819902e+01,0.000000000000000000e+00
-1.799428185273479715e-04,8.824617379176780219e+01,5.452168207962047575e+01,0.000000000000000000e+00
1.482429819127295025e-03,8.809545833470416198e+01,5.491716837472087320e+01,0.000000000000000000e+00
-4.055217372409732242e-03,8.861596657225356921e+01,5.551581831952074708e+01,0.000000000000000000e+00
-6.952210960674342494e-03,8.821764427579256562e+01,5.536867742451853047e+01,0.000000000000000000e+00
-7.765695781005076993e-03,8.814826359646859544e+01,5.438593448806259545e+01,0.000000000000000000e+00
-5.044844457153647987e-03,8.812333164108297012e+01,5.409354106518023997e+01,0.000000000000000000e+00
-9.116287039309369173e-04,8.820283351221750934e+01,5.486796902097062656e+01,0.000000000000000000e+00
-2.622302524481767445e-03,0.000000000000000000e+00,5.324499936737715444e+01,0.000000000000000000e+00
1.484058692351808168e-03,8.817780202003538648e+01,5.470174457189300909e+01,0.000000000000000000e+00
-9.641349743630366065e-03,8.815366305164195637e+01,5.454096672298422988e+01,0.000000000000000000e+00
1.736853520520881180e-03,8.801771658921737185e+01,5.469059924184654164e+01,0.000000000000000000e+00
3.590012327621151626e-03,8.784359168800104101e+01,5.464586477592274605e+01,0.000000000000000000e+00
3.743244166507096911e-03,8.806780062841880863e+01,5.470683547390456170e+01,0.000000000000000000e+00
-9.116287039309369173e-04,8.820283351221750934e+01,5.486796902097062656e+01,0.000000000000000000e+00
-8.807487884172057529e-04,8.853074457777903206e+01,5.413032887433978146e+01,0.000000000000000000e+00
-4.658975004635000812e-03,8.839775565513136257e+01,5.619695918619721908e+01,0.000000000000000000e+00
4.632528349220734268e-03,0.000000000000000000e+00,5.393063185603256926e+01,0.000000000000000000e+00
6.415179041216593527e-03,8.824268457752775419e+01,5.583989837411645851e+01,0.000000000000000000e+00
7.352258955474093305e-02,8.809171935164329170e+01,5.606220693672462829e+01,0.000000000000000000e+00
-1.006781708510547969e-02,8.807266640045124007e+01,5.363399908318429254e+01,0.000000000000000000e+00
-8.738102662878532642e-03,8.652558918591293491e+01,5.382571672337804358e+01,0.000000000000000000e+00
1.725244336931794006e-02,0.000000000000000000e+00,5.475304110322565521e+01,0.000000000000000000e+00
6.415179041216593527e-03,8.824268457752775419e+01,5.583989837411645851e+01,0.000000000000000000e+00
2.091241068664567368e-02,8.836593471407392997e+01,5.586893391442834655e+01,0.000000000000000000e+00
1.638236383701812196e-02,8.824226565300443781e+01,5.466175675636131359e+01,0.000000000000000000e+00
-5.564493568570435741e-03,8.863372174089690247e+01,5.480471450956120805e+01,0.000000000000000000e+00
1.185571989289276214e-02,8.810343150101691378e+01,5.503993066282799873e+01,0.000000000000000000e+00
3.637052492151906895e-03,8.772724886697568536e+01,5.455708278266523337e+01,0.000000000000000000e+00
1.569392047772450588e-02,8.836115956627897106e+01,5.723883304463416266e+01,0.000000000000000000e+00
1.638236383701812196e-02,8.824226565300443781e+01,5.466175675636131359e+01,0.000000000000000000e+00
1.563918248113435041e-03,8.824629186888294896e+01,5.385280772164384189e+01,0.000000000000000000e+00
1.451110560558412609e-02,8.811917917090245567e+01,5.478400792655298801e+01,0.000000000000000000e+00
-2.028109012952702007e-03,8.841604732513201270e+01,5.589780730426905819e+01,0.000000000000000000e+00
3.009470609407399310e-03,8.867341667163989882e+01,5.416784296816548760e+01,0.000000000000000000e+00
-4.966760327338609095e-03,8.821934376675747558e+01,5.427273884278125848e+01,0.000000000000000000e+00
-1.165455122017025266e-02,8.701174973020610537e+01,5.403017370371496497e+01,0.000000000000000000e+00
1.467168762756077081e-03,8.873761524456885752e+01,5.430118271482257342e+01,0.000000000000000000e+00
1.484058692351808168e-03,8.817780202003538648e+01,5.470174457189300909e+01,0.000000000000000000e+00
-1.794460575607411540e-02,8.822130767013183572e+01,5.499913787022350675e+01,0.000000000000000000e+00
-1.145584510801746746e-02,8.756851872006845383e+01,5.526620970209143024e+01,0.000000000000000000e+00
4.143789514415742795e-03,8.819052022810356561e+01,5.654019193406853816e+01,0.000000000000000000e+00
4.143789514415742795e-03,8.819052022810356561e+01,5.654019193406853816e+01,0.000000000000000000e+00
4.143789514415742795e-03,8.819052022810356561e+01,5.654019193406853816e+01,0.000000000000000000e+00
2.665791062275137992e-03,8.878213325400612632e+01,5.455760973378922785e+01,0.000000000000000000e+00
1.451110560558412609e-02,8.811917917090245567e+01,5.478400792655298801e+01,0.000000000000000000e+00
1.127025558925389380e-02,8.860533825774540162e+01,5.497530935971910537e+01,0.000000000000000000e+00
-1.184042615863526750e-02,8.768229461435288385e+01,5.538691232307031953e+01,0.000000000000000000e+00
-1.858490076102973067e-03,8.817563950360033687e+01,5.588540788462684361e+01,0.000000000000000000e+00
-9.641349743630366065e-03,8.815366305164195637e+01,5.454096672298422988e+01,0.000000000000000000e+00
1.589699490756069783e-02,8.704275165523729640e+01,5.621736757869840773e+01,0.000000000000000000e+00
7.352258955474093305e-02,8.809171935164329170e+01,5.606220693672462829e+01,0.000000000000000000e+00
1.486834426311764564e-03,8.864749417503693962e+01,5.454209278600310284e+01,0.000000000000000000e+00
8.878899775789449167e-03,8.817594408091646585e+01,5.457163728608244213e+01,0.000000000000000000e+00
1.531897288826050262e-03,8.826981022288889278e+01,5.561532393445062894e+01,0.000000000000000000e+00
6.309147314595569406e-03,8.814475485682064004e+01,5.565906293615906719e+01,0.000000000000000000e+00
5.374930559447148315e-03,8.773820862337795745e+01,5.469807208912459373e+01,0.000000000000000000e+00
-2.251323042525623166e-03,8.801394374298783418e+01,5.593323265570758451e+01,0.000000000000000000e+00
-1.858490076102973067e-03,8.817563950360033687e+01,5.588540788462684361e+01,0.000000000000000000e+00
-1.872053546927327904e-03,8.711960964670407748e+01,5.467917313063956186e+01,0.000000000000000000e+00
-1.270748486713078364e-02,8.812836867656832851e+01,5.572576228738113002e+01,0.000000000000000000e+00
-5.821859506079843372e-03,8.804983486085849620e+01,5.507256500701948454e+01,0.000000000000000000e+00
-9.641349743630366065e-03,8.815366305164195637e+01,5.454096672298422988e+01,0.000000000000000000e+00
2.848636220112775539e-03,8.777042979364033215e+01,5.415581356408175395e+01,0.000000000000000000e+00
1.461679090409458148e-02,8.812944770471398215e+01,5.419412451386988749e+01,0.000000000000000000e+00
1.451110560558412609e-02,8.811917917090245567e+01,5.478400792655298801e+01,0.000000000000000000e+00
-1.443991805483450450e-02,8.786094345060689648e+01,5.593559375968944636e+01,0.000000000000000000e+00
-1.321211516313117130e-03,8.811984382935469284e+01,5.443193577237941838e+01,0.000000000000000000e+00
3.294953601366688747e-04,8.813443118216851246e+01,5.417003951836505848e+01,0.000000000000000000e+00
-1.881874187293561479e-03,8.805745139289798828e+01,5.509764571733001759e+01,0.000000000000000000e+00
-2.251323042525623166e-03,8.801394374298783418e+01,5.593323265570758451e+01,0.000000000000000000e+00
-6.137727431562034095e-05,8.821752325799710093e+01,5.444840626727816613e+01,0.000000000000000000e+00
1.638236383701812196e-02,8.824226565300443781e+01,5.466175675636131359e+01,0.000000000000000000e+00
-1.276279625392457567e-02,8.824599671753510677e+01,5.579955147121316372e+01,0.000000000000000000e+00
-4.509420980307033561e-03,8.820440524446838992e+01,5.371176788130685509e+01,0.000000000000000000e+00
5.153229882734699195e-03,8.802396031711170110e+01,5.567264238809730870e+01,0.000000000000000000e+00
7.675616383286741444e-03,8.773591912919127367e+01,5.638867473273349162e+01,0.000000000000000000e+00
1.183801307433830947e-02,8.820911106067703145e+01,5.605689134362329895e+01,0.000000000000000000e+00
1.205922916477866237e-02,8.816021924807533594e+01,5.626958531426200949e+01,0.000000000000000000e+00
1.072301400394873490e-02,8.809040255008811471e+01,5.657408637736403989e+01,0.000000000000000000e+00
1.053556923403548180e-02,8.802788991283941300e+01,5.535576587698056272e+01,0.000000000000000000e+00
-3.082740923876432435e-02,8.807228679576313368e+01,5.533264656212793398e+01,0.000000000000000000e+00
9.529696830709944236e-03,8.857670181981184498e+01,5.482470955594523332e+01,0.000000000000000000e+00
-1.942316108470205829e-03,8.820769136498768148e+01,5.398310594202781942e+01,0.000000000000000000e+00
7.602445001787292746e-03,8.695388936363703181e+01,5.533511574439405223e+01,0.000000000000000000e+00
3.142851620366814147e-02,8.820645222880557412e+01,5.673761371119623931e+01,0.000000000000000000e+00
1.171061320236115033e-02,8.849582788539235878e+01,5.594983099577327579e+01,0.000000000000000000e+00
1.183801307433830947e-02,8.820911106067703145e+01,5.605689134362329895e+01,0.000000000000000000e+00
2.919490935842354237e-02,8.800520062792998033e+01,5.668080575902521900e+01,0.000000000000000000e+00
3.142851620366814147e-02,8.820645222880557412e+01,5.673761371119623931e+01,0.000000000000000000e+00
-2.361014136115779059e-03,8.814380122822082342e+01,5.613848547073119732e+01,0.000000000000000000e+00
1.616036249980120493e-02,8.822118123012879209e+01,5.653434303339915346e+01,0.000000000000000000e+00
-3.082740923876432435e-02,8.807228679576313368e+01,5.533264656212793398e+01,0.000000000000000000e+00
9.495709746184240879e-03,8.818911345292812598e+01,5.420481280099984644e+01,0.000000000000000000e+00
-9.747190535986342960e-04,8.817258648404967403e+01,5.436625172404964701e+01,0.000000000000000000e+00
-1.334990763001435952e-02,8.842016197080509698e+01,5.627720440760784015e+01,0.000000000000000000e+00
-7.602666117542949010e-04,8.816909625111476601e+01,5.553492394760158390e+01,0.000000000000000000e+00
-7.075325777061472823e-03,8.839598630507506982e+01,5.564596426911842286e+01,0.000000000000000000e+00
2.334894357122719102e-02,8.851479649317552401e+01,5.591379793062698411e+01,0.000000000000000000e+00
2.295599431518776171e-03,8.826019123451004589e+01,5.647845911995432289e+01,0.000000000000000000e+00
2.295599431518776171e-03,8.826019123451004589e+01,5.647845911995432289e+01,0.000000000000000000e+00
-4.698016762756448451e-03,8.835667669355009934e+01,5.601020217845407956e+01,0.000000000000000000e+00
3.217689001230373408e-02,8.840936819309817452e+01,5.681309836725844775e+01,0.000000000000000000e+00
1.205922916477866237e-02,8.816021924807533594e+01,5.626958531426200949e+01,0.000000000000000000e+00
2.494663814309687824e-02,8.707471808056081386e+01,5.370267813339626883e+01,0.000000000000000000e+00
-2.988185965351702889e-02,8.778570459061576514e+01,5.506419919358389592e+01,0.000000000000000000e+00
-7.222667622757974852e-03,8.809082618770482043e+01,5.483219167762918289e+01,0.000000000000000000e+00
-7.602666117542949010e-04,8.816909625111476601e+01,5.553492394760158390e+01,0.000000000000000000e+00
-2.569389644071844864e-02,8.857889105207941327e+01,5.528223540538211012e+01,0.000000000000000000e+00
3.161925886807262498e-02,8.859680520915273405e+01,5.636696340996901711e+01,0.000000000000000000e+00
9.947518287518922545e-03,8.763328930561219465e+01,5.465907514203596662e+01,0.000000000000000000e+00
9.846714998279840203e-03,8.818672004830740718e+01,5.496478812687929150e+01,0.000000000000000000e+00
9.466271835624529701e-03,8.818451406119331182e+01,5.392656787827955611e+01,0.000000000000000000e+00
1.247403348344737137e-02,8.819509731663687546e+01,5.426142199517462927e+01,0.000000000000000000e+00
1.452733845329887488e-02,8.820079741563256448e+01,5.386553949165932664e+01,0.000000000000000000e+00
2.295599431518776171e-03,8.826019123451004589e+01,5.647845911995432289e+01,0.000000000000000000e+00
1.237973818973050512e-02,8.848241003643163083e+01,5.428194741056830708e+01,0.000000000000000000e+00
1.616036249980120493e-02,8.822118123012879209e+01,5.653434303339915346e+01,0.000000000000000000e+00
3.146719312751367764e-02,8.803972053192073588e+01,5.662261126586627569e+01,0.000000000000000000e+00
2.797921889272914509e-03,8.820756649458692777e+01,5.417511171707401729e+01,0.000000000000000000e+00
1.230885977628288011e-02,8.726061839333956982e+01,5.396705712796322274e+01,0.000000000000000000e+00
3.142851620366814147e-02,8.820645222880557412e+01,5.673761371119623931e+01,0.000000000000000000e+00
1.072301400394873490e-02,8.809040255008811471e+01,5.657408637736403989e+01,0.000000000000000000e+00
1.076512716178103235e-02,8.749566011924481757e+01,5.602145291185611597e+01,0.000000000000000000e+00
3.227943840774585155e-02,8.812756179650821764e+01,5.687382336148399986e+01,0.000000000000000000e+00
2.394481022931345751e-02,8.818464915849078523e+01,5.601376556097486059e+01,0.000000000000000000e+00
9.374579037518157923e-03,8.802568288583128719e+01,5.524755378716986343e+01,0.000000000000000000e+00
-1.313976122130485098e-02,8.808273420946831322e+01,5.636558877429288117e+01,0.000000000000000000e+00
3.227943840774585155e-02,8.812756179650821764e+01,5.687382336148399986e+01,0.000000000000000000e+00
6.630812676539043354e-03,8.817098389481444087e+01,5.512521742144602399e+01,0.000000000000000000e+00
1.157354643882725458e-02,8.761671623866507730e+01,5.574652948378670914e+01,0.000000000000000000e+00
2.120616027659473317e-03,8.822778825406240344e+01,5.533368070140661388e+01,0.000000000000000000e+00
3.663892107388325159e-02,8.813854775659146412e+01,5.685916149040787104e+01,0.000000000000000000e+00
-7.511618612123882686e-04,8.796291480125491091e+01,5.538259342621884684e+01,0.000000000000000000e+00
-2.588676724380104769e-03,8.851779814033805849e+01,5.598733750714610835e+01,0.000000000000000000e+00
2.324960575438245539e-02,8.758799447877527200e+01,5.539764938257523141e+01,0.000000000000000000e+00
1.197754294118146684e-02,8.824825320991126887e+01,5.621417073324991520e+01,0.000000000000000000e+00
-1.306607115567944358e-02,8.827124753847395766e+01,5.528466891112384474e+01,0.000000000000000000e+00
4.965435300555673913e-03,8.808614473243893883e+01,5.607359583779490464e+01,0.000000000000000000e+00
6.791572726108346253e-04,8.806284786911136564e+01,5.438438134912532007e+01,0.000000000000000000e+00
-2.229164954151366482e-03,0.000000000000000000e+00,5.299528704468055906e+01,0.000000000000000000e+00
-2.035569285565036121e-03,8.816799304453378738e+01,5.514239996500413099e+01,0.000000000000000000e+00
-3.025699361498715694e-03,8.866720935278641491e+01,5.337982745192040568e+01,0.000000000000000000e+00
-1.247215026544833301e-02,8.830403809172877061e+01,5.434856833236757012e+01,0.000000000000000000e+00
-1.126443684521830253e-02,8.815824835841942786e+01,5.538765830835756532e+01,0.000000000000000000e+00
-1.738509275983570607e-02,8.814843748557912306e+01,5.639123053772709682e+01,0.000000000000000000e+00
1.314691590058333220e-02,8.806598022188423158e+01,5.395870452716971499e+01,0.000000000000000000e+00
2.208945728063434113e-03,8.866767685145703126e+01,5.443157413709806747e+01,0.000000000000000000e+00
-4.786028765703212104e-03,8.842485797865919039e+01,5.535377579990250752e+01,0.000000000000000000e+00
-1.487027315278472393e-02,8.749576899923116002e+01,5.562666013564678735e+01,0.000000000000000000e+00
-5.545731656414964843e-03,8.817710079229118492e+01,5.541459842082277021e+01,0.000000000000000000e+00
-5.651023369195222468e-02,8.823472180468553461e+01,5.619012599774105610e+01,0.000000000000000000e+00
-1.738509275983570607e-02,8.814843748557912306e+01,5.639123053772709682e+01,0.000000000000000000e+00
-4.006901358840581594e-03,8.820156000595883938e+01,5.344670512784330185e+01,0.000000000000000000e+00
-1.236905087327801710e-02,8.841499678507979354e+01,5.375428723982442136e+01,0.000000000000000000e+00
-1.611401603730748880e-02,8.817348264601216101e+01,5.621624487535265047e+01,0.000000000000000000e+00
-1.554613955340104596e-02,8.789072614147406171e+01,5.359381995013220035e+01,0.000000000000000000e+00
-5.481501538007588735e-03,8.814973341887558433e+01,5.583256095300160382e+01,0.000000000000000000e+00
8.046929719918076082e-03,8.828096138205974341e+01,5.420775096976605312e+01,0.000000000000000000e+00
3.314120673287519053e-02,8.807845122025382523e+01,5.583981919203363020e+01,0.000000000000000000e+00
-1.738509275983570607e-02,8.814843748557912306e+01,5.639123053772709682e+01,0.000000000000000000e+00
9.270044422055446001e-03,8.793323970216853525e+01,5.481233685974294900e+01,0.000000000000000000e+00
-5.481501538007588735e-03,8.814973341887558433e+01,5.583256095300160382e+01,0.000000000000000000e+00
-5.603553429213637554e-03,8.815699023730658723e+01,5.560687468243970244e+01,0.000000000000000000e+00
-1.596644038413461836e-02,8.745260332606740405e+01,5.536571456502070276e+01,0.000000000000000000e+00
-9.792033739035418266e-03,8.815322632715279383e+01,5.436790749639871478e+01,0.000000000000000000e+00
-1.703536266952936432e-02,8.819194267870869908e+01,5.624755544791355533e+01,0.000000000000000000e+00
3.195507465549220043e-03,8.828247635671787918e+01,5.402272606401761834e+01,0.000000000000000000e+00
9.160121420821415276e-04,8.821160374704315643e+01,5.404854918195180602e+01,0.000000000000000000e+00
-4.798685273658925832e-03,8.817347970127366352e+01,5.409117538671164027e+01,0.000000000000000000e+00
-2.035569285565036121e-03,8.816799304453378738e+01,5.514239996500413099e+01,0.000000000000000000e+00
-1.358675700969843095e-02,8.827181334136766111e+01,5.432633609320880907e+01,0.000000000000000000e+00
5.361537176997873376e-04,8.825841733418776869e+01,5.537183937539155210e+01,0.000000000000000000e+00
5.487271620775386119e-03,8.819963505950011040e+01,5.530564293556695077e+01,0.000000000000000000e+00
5.487271620775386119e-03,8.819963505950011040e+01,5.530564293556695077e+01,0.000000000000000000e+00
-7.129509319882991643e-03,8.820652087852873535e+01,5.392656562969066414e+01,0.000000000000000000e+00
3.516014260693495035e-03,8.813441727369406919e+01,5.585599120043361410e+01,0.000000000000000000e+00
-1.703536266952936432e-02,8.819194267870869908e+01,5.624755544791355533e+01,0.000000000000000000e+00
-1.288112528265591538e-03,8.808909766760183402e+01,5.492634228114254569e+01,0.000000000000000000e+00
-1.247600080057054703e-03,8.811872475733481735e+01,5.613774493286108225e+01,0.000000000000000000e+00
3.334627805642531150e-03,8.802323015638806680e+01,5.581699701359732302e+01,0.000000000000000000e+00
-2.878562743877904461e-03,8.819796516499212657e+01,5.343809375683925111e+01,0.000000000000000000e+00
-6.889315201128965935e-04,8.822343221848205985e+01,5.407807886640294726e+01,0.000000000000000000e+00
-5.651023369195222468e-02,8.823472180468553461e+01,5.619012599774105610e+01,0.000000000000000000e+00
-2.035569285565036121e-03,8.816799304453378738e+01,5.514239996500413099e+01,0.000000000000000000e+00
-2.086737060848616477e-03,8.727410239850871676e+01,5.456559028132670619e+01,0.000000000000000000e+00
-4.684426737196624446e-02,8.867557368509581295e+01,5.568870387380912490e+01,0.000000000000000000e+00
-5.409786626779350107e-05,8.785170111298447182e+01,5.386118448368415557e+01,0.000000000000000000e+00
-4.291916697828971478e-02,0.000000000000000000e+00,5.397932336270243781e+01,0.000000000000000000e+00
-4.930239220922526255e-03,8.821849829497692497e+01,5.505915347712013386e+01,0.000000000000000000e+00
3.516014260693495035e-03,8.813441727369406919e+01,5.585599120043361410e+01,0.000000000000000000e+00
5.366441841804393993e-03,8.814120932572812706e+01,5.420015641338888912e+01,0.000000000000000000e+00
2.820307124181939407e-02,8.810759050574966977e+01,5.687173991005512619e+01,0.000000000000000000e+00
1.083276763090005278e-02,8.820944198036796990e+01,5.456618991335611213e+01,0.000000000000000000e+00
-2.878562743877904461e-03,8.819796516499212657e+01,5.343809375683925111e+01,0.000000000000000000e+00
2.561142113935417977e-02,8.806594078618714150e+01,5.440560391867018097e+01,0.000000000000000000e+00
2.820307124181939407e-02,8.810759050574966977e+01,5.687173991005512619e+01,0.000000000000000000e+00
-1.703536266952936432e-02,8.819194267870869908e+01,5.624755544791355533e+01,0.000000000000000000e+00
5.249021406555616845e-03,8.843826499829496868e+01,5.531527222892542994e+01,0.000000000000000000e+00
2.881671841338562007e-04,8.808725389334449574e+01,5.403068765952465924e+01,0.000000000000000000e+00
-1.703536266952936432e-02,8.819194267870869908e+01,5.624755544791355533e+01,0.000000000000000000e+00
-4.119561253581484686e-03,8.826728174381874226e+01,5.375824572323386974e+01,0.000000000000000000e+00
-4.473793569512667274e-03,8.821339303688586142e+01,5.542255950738756098e+01,0.000000000000000000e+00
1.603143074694841214e-02,8.747062170974871265e+01,5.388182511277994990e+01,0.000000000000000000e+00
-4.716606256334143071e-03,8.815564843972801157e+01,5.564896645395718622e+01,0.000000000000000000e+00
5.490170557834918828e-03,8.811514997386967707e+01,5.509855224053857370e+01,0.000000000000000000e+00
3.909064601417317278e-03,8.780532127355184002e+01,5.400440816627607887e+01,0.000000000000000000e+00
1.216436575805765127e-02,8.649626665735026165e+01,5.486339159735265980e+01,0.000000000000000000e+00
9.082727499138586874e-03,8.810164141898759738e+01,5.501855066120123183e+01,0.000000000000000000e+00
2.903838674952687656e-03,0.000000000000000000e+00,5.417518711695795020e+01,0.000000000000000000e+00
1.512136960964357082e-02,8.818694405920147972e+01,5.491375137811107265e+01,0.000000000000000000e+00
1.369784143888351166e-02,8.858612555135960065e+01,5.486295592590217751e+01,0.000000000000000000e+00
3.328294532944729711e-02,8.821707985324962920e+01,5.629852778758959886e+01,0.000000000000000000e+00
-2.983100057616372425e-03,8.853985089263490238e+01,5.546969252042185161e+01,0.000000000000000000e+00
-9.706444280289189264e-03,8.820405213326857563e+01,5.558409620865524658e+01,0.000000000000000000e+00
-4.198623845679294890e-04,8.873499161334962082e+01,5.420489431226946664e+01,0.000000000000000000e+00
-1.073129780578286827e-02,8.824580734089373379e+01,5.486072942994356083e+01,0.000000000000000000e+00
3.951013580385850238e-02,8.818478222396424826e+01,5.751969200793575254e+01,0.000000000000000000e+00
3.176959610356157575e-03,8.820869235536878250e+01,5.515882645821064756e+01,0.000000000000000000e+00
1.206923295476455653e-02,8.821365744787007657e+01,5.406325160470782976e+01,0.000000000000000000e+00
3.355171715390054682e-02,8.813702726361017881e+01,5.640078011085563503e+01,0.000000000000000000e+00
3.951013580385850238e-02,8.818478222396424826e+01,5.751969200793575254e+01,0.000000000000000000e+00
-2.643370738472695242e-03,8.818225046640672815e+01,5.411401181628623647e+01,0.000000000000000000e+00
-1.073129780578286827e-02,8.824580734089373379e+01,5.486072942994356083e+01,0.000000000000000000e+00
-3.076022153029149119e-03,8.809939401789520730e+01,5.559270911806567739e+01,0.000000000000000000e+00
2.781564086748506207e-03,8.848828871113535399e+01,5.381474352737424027e+01,0.000000000000000000e+00
3.659486445253765704e-03,8.824599844674797566e+01,5.421558313422213615e+01,0.000000000000000000e+00
9.044411766486130239e-03,8.810170789410061332e+01,5.446653229599157697e+01,0.000000000000000000e+00
-2.336261393533353020e-02,8.769371322928064671e+01,5.572540246183064028e+01,0.000000000000000000e+00
8.702153830857707153e-06,8.856080992537297902e+01,5.651517091904140244e+01,0.000000000000000000e+00
3.545477110744442700e-03,8.823387679564291375e+01,5.708435640095200370e+01,0.000000000000000000e+00
-3.525234757184938800e-03,8.824329176581380807e+01,5.609293792395454403e+01,0.000000000000000000e+00
-3.525234757184938800e-03,8.824329176581380807e+01,5.609293792395454403e+01,0.000000000000000000e+00
1.383835532428211329e-05,8.869230515002297466e+01,5.596588222219761377e+01,0.000000000000000000e+00
2.181672137760739746e-02,8.824093943316216837e+01,5.446467560410452791e+01,0.000000000000000000e+00
1.512136960964357082e-02,8.818694405920147972e+01,5.491375137811107265e+01,0.000000000000000000e+00
2.845867656504060504e-03,8.822162280041000315e+01,5.383171274298564413e+01,0.000000000000000000e+00
7.742295498905330843e-03,8.801456692663782633e+01,5.454965507141996284e+01,0.000000000000000000e+00
9.215085827968328910e-03,8.814371659029943373e+01,5.450310534115580907e+01,0.000000000000000000e+00
-2.406566809600570872e-02,8.824194968015984841e+01,5.650989054851543614e+01,0.000000000000000000e+00
-3.076022153029149119e-03,8.809939401789520730e+01,5.559270911806567739e+01,0.000000000000000000e+00
2.090383661295404372e-02,8.849628808870215835e+01,5.444860997147883097e+01,0.000000000000000000e+00
8.689670474499811004e-03,8.820579669632149944e+01,5.462911249477762965e+01,0.000000000000000000e+00
-2.052310847460635593e-02,8.819448647019348186e+01,5.649799655175198154e+01,0.000000000000000000e+00
2.717584765606660419e-03,8.843419920953564883e+01,5.392988168928894765e+01,0.000000000000000000e+00
-2.877447478257497398e-03,8.817810106066285414e+01,5.454936698189565902e+01,0.000000000000000000e+00
-1.176159659902515850e-02,8.758399679712955788e+01,5.427468537660034542e+01,0.000000000000000000e+00
-3.525234757184938800e-03,8.824329176581380807e+01,5.609293792395454403e+01,0.000000000000000000e+00
-1.530980536577440773e-04,8.811557358475755564e+01,5.437591986151492307e+01,0.000000000000000000e+00
-1.032912746830553369e-02,8.874632893847120840e+01,5.437567714751234860e+01,0.000000000000000000e+00
3.832283562637863600e-02,8.769342021151074107e+01,5.664457372286067027e+01,0.000000000000000000e+00
-1.950836157499263369e-04,8.698820588345753890e+01,5.392289224083407362e+01,0.000000000000000000e+00
-2.052310847460635593e-02,8.819448647019348186e+01,5.649799655175198154e+01,0.000000000000000000e+00
3.539703914984920069e-02,8.733225997303804888e+01,5.529387128588475520e+01,0.000000000000000000e+00
9.082727499138586874e-03,8.810164141898759738e+01,5.501855066120123183e+01,0.000000000000000000e+00
9.082727499138586874e-03,8.810164141898759738e+01,5.501855066120123183e+01,0.000000000000000000e+00
2.181672137760739746e-02,8.824093943316216837e+01,5.446467560410452791e+01,0.000000000000000000e+00
3.545477110744442700e-03,8.823387679564291375e+01,5.708435640095200370e+01,0.000000000000000000e+00
1.138803399075391694e-02,0.000000000000000000e+00,5.394383459760769028e+01,0.000000000000000000e+00
9.215085827968328910e-03,8.814371659029943373e+01,5.450310534115580907e+01,0.000000000000000000e+00
2.137516911524290145e-02,8.848791768242830358e+01,5.443657613197353129e+01,0.000000000000000000e+00
-4.733240212057870933e-03,8.843733255730882092e+01,5.468224135785887086e+01,0.000000000000000000e+00
5.365698745751932772e-03,8.818666196275955826e+01,5.457953608940925960e+01,0.000000000000000000e+00
6.688590044769129710e-03,8.825371812086159196e+01,5.480728195984541173e+01,0.000000000000000000e+00
2.181672137760739746e-02,8.824093943316216837e+01,5.446467560410452791e+01,0.000000000000000000e+00
-1.708188030755655729e-02,8.825001149462350725e+01,5.607243659166401528e+01,0.000000000000000000e+00
1.423035160763633060e-02,0.000000000000000000e+00,5.365625840597269303e+01,0.000000000000000000e+00
9.341519353513894758e-03,8.880015275924786522e+01,5.447574942808631704e+01,0.000000000000000000e+00
1.512136960964357082e-02,8.818694405920147972e+01,5.491375137811107265e+01,0.000000000000000000e+00
-3.525234757184938800e-03,8.824329176581380807e+01,5.609293792395454403e+01,0.000000000000000000e+00
9.215085827968328910e-03,8.814371659029943373e+01,5.450310534115580907e+01,0.000000000000000000e+00
